id;question;reference_answer;gold_label;gold_mode;question_type;difficulty;answerable
Q001;Untuk apa pedoman akademik Universitas Riau dibuat?;Untuk menunjang proses belajar mengajar serta sebagai pedoman akademik Universitas Riau yang sesuai dengan ketentuan nasional dan kondisi fakultas serta program di UNRI.;pertor_4_2021.pdf:p0;all;factoid;medium;yes
Q002;Jenjang apa saja yang termasuk pendidikan tinggi?;Jenjang pendidikan setelah pendidikan menengah yang mencakup Diploma, Sarjana, Magister, Doktor, Profesi, Profesi Dokter Spesialis, dan Sub Spesialis yang diselenggarakan perguruan tinggi.;pertor_4_2021.pdf:p4|pertor_3_2015_Peraturan-Akademik.pdf:p1;any;list;medium;yes
Q003;Universitas Riau itu perguruan tinggi yang seperti apa?;Universitas adalah Universitas Riau (UNRI) sebagai perguruan tinggi yang terdiri atas sejumlah fakultas yang menyelenggarakan pendidikan akademik, vokasi, dan profesi.;pertor_4_2021.pdf:p4|pertor_3_2015_Peraturan-Akademik.pdf:p2;any;factoid;medium;yes
Q004;Status mahasiswa di UNRI ada apa saja?;Aktif, non-aktif, cuti akademik, double degree, kampus merdeka, mengundurkan diri, putus studi, drop out, meninggal, pindah, asing, lulus, fast track, dan alih program.;pertor_4_2021.pdf:p11;all;list;medium;yes
Q005;Paling lama berapa tahun saya boleh kuliah S1?;Maksimal 6 tahun akademik atau 12 semester.;pertor_4_2021.pdf:p13;all;factoid;easy;yes
Q006;Apa saja syarat untuk mendaftar sebagai mahasiswa baru di UNRI?;"Lulusan SMA/SMK/MA/Paket C untuk Diploma/Sarjana; Sarjana untuk Magister; Magister untuk Doktor; Profesi Dokter untuk Profesi Spesialis; memenuhi persyaratan akademik, administratif, sehat, dan mengikuti PKKMB.";pertor_4_2021.pdf:p14|pertor_3_2015_Peraturan-Akademik.pdf:p6;any;list;medium;yes
Q007;Maksimal berapa SKS yang boleh saya ambil dalam satu semester di S1?;144-160 SKS, dengan maksimal 24 SKS per semester tergantung Indeks Prestasi Semester (IPS).;pertor_4_2021.pdf:p17;all;factoid;medium;yes
Q008;Bagaimana cara menghitung IPK?;IPK = jumlah (AMi x NKi) dibagi jumlah (NKi), di mana AM adalah Angka Mutu dan NK adalah Nilai Kredit.;pertor_4_2021.pdf:p17;all;prosedur;medium;yes
Q009;Mata kuliah wajib di UNRI apa saja?;MKWU (Pendidikan Agama, Pancasila, Kewarganegaraan, Bahasa Indonesia) dan MKU (Ilmu Lingkungan, Budaya Melayu, Kewirausahaan, Literasi Digital, Bahasa Inggris, Kukerta).;pertor_4_2021.pdf:p24;all;list;medium;yes
Q010;KUKERTA itu apa?;Kuliah Kerja Nyata, mata kuliah wajib bagi mahasiswa Sarjana UNRI dengan bobot 4 SKS.;pertor_4_2021.pdf:p23;all;definisi;medium;yes
Q011;Untuk apa aturan tentang profesi, karier, dan penghasilan dosen dibuat?;Untuk meningkatkan tata kelola profesi dan karier dosen agar lebih efektif, efisien, memberikan kepastian hukum dalam tunjangan dan penghasilan, serta menyesuaikan dengan perkembangan hukum dan kebutuhan masyarakat.;PERMENDIKBUD-RISTEK-44-2024.pdf:p0;all;factoid;hard;yes
Q012;Apa yang dimaksud dengan Tridharma Perguruan Tinggi?;Kewajiban perguruan tinggi untuk menyelenggarakan pendidikan, penelitian, dan pengabdian kepada masyarakat.;PERMENDIKBUD-RISTEK-44-2024.pdf:p1;all;definisi;medium;yes
Q013;Status dosen itu ada apa saja?;Dosen tetap dan dosen tidak tetap.;PERMENDIKBUD-RISTEK-44-2024.pdf:p2;all;list;easy;yes
Q014;Jenjang jabatan akademik untuk dosen tetap apa saja?;Asisten Ahli, Lektor, Lektor Kepala, dan Profesor.;PERMENDIKBUD-RISTEK-44-2024.pdf:p3;all;list;easy;yes
Q015;Minimal lulusan apa untuk bisa jadi dosen di program sarjana?;Minimal lulusan magister atau magister terapan.;PERMENDIKBUD-RISTEK-44-2024.pdf:p4;all;factoid;easy;yes
Q016;Kompetensi apa saja yang harus dimiliki seorang dosen?;Kompetensi pedagogik, kepribadian, sosial, dan profesional.;PERMENDIKBUD-RISTEK-44-2024.pdf:p4;all;list;easy;yes
Q017;Apa syaratnya supaya dosen bisa ikut sertifikasi pendidik?;Memiliki pengalaman kerja sebagai pendidik minimal 2 tahun dan jabatan akademik minimal Asisten Ahli.;PERMENDIKBUD-RISTEK-44-2024.pdf:p7;all;factoid;medium;yes
Q018;Uji kompetensi untuk sertifikasi dosen bentuknya seperti apa?;Melalui penilaian portofolio yang mencakup kualifikasi akademik, unjuk kerja Tridharma, persepsi atasan/sejawat/mahasiswa, dan pernyataan diri.;PERMENDIKBUD-RISTEK-44-2024.pdf:p7;all;factoid;medium;yes
Q019;Bagaimana karier dosen dibina dan dikembangkan di perguruan tinggi?;Pengelolaan kinerja, rencana pengembangan karier, penugasan, promosi dan demosi.;PERMENDIKBUD-RISTEK-44-2024.pdf:p10;all;prosedur;easy;yes
Q020;Apa syarat untuk naik jadi Profesor?;Pengalaman kerja 10 tahun sebagai dosen tetap, pendidikan doktor, publikasi ilmiah, dan pemenuhan syarat Tridharma.;PERMENDIKBUD-RISTEK-44-2024.pdf:p12;all;factoid;medium;yes
Q021;Untuk apa aturan tentang organisasi dan tata kerja Universitas Riau dibuat?;Untuk meningkatkan kinerja Universitas Riau dalam melaksanakan Tridharma Perguruan Tinggi serta menindaklanjuti kebijakan penyederhanaan birokrasi melalui penataan organisasi dan tata kerja.;2025permendiktisaintek016.pdf:p0;all;factoid;medium;yes
Q022;Apa dasar hukum organisasi dan tata kerja Universitas Riau?;Antara lain UUD 1945 Pasal 17 ayat (3), UU Nomor 39 Tahun 2008 tentang Kementerian Negara, UU Nomor 12 Tahun 2012 tentang Pendidikan Tinggi, PP Nomor 4 Tahun 2014, dan Perpres Nomor 189 Tahun 2024.;2025permendiktisaintek016.pdf:p0|pertor_3_2015_Peraturan-Akademik.pdf:p0;any;factoid;hard;yes
Q023;Universitas Riau itu perguruan tinggi di bawah kementerian apa?;Universitas Riau adalah perguruan tinggi negeri yang diselenggarakan oleh Kementerian Pendidikan Tinggi, Sains, dan Teknologi.;2025permendiktisaintek016.pdf:p1;all;factoid;medium;yes
Q024;Apa saja fungsi Universitas Riau?;Fungsi meliputi pendidikan tinggi, penelitian, pengabdian masyarakat, pembinaan sivitas akademika, dan administrasi.;2025permendiktisaintek016.pdf:p2;all;list;medium;yes
Q025;Organisasi Universitas Riau terdiri dari unsur apa saja?;Senat, Pemimpin (Rektor dan Wakil Rektor), Satuan Pengawas Internal, dan Dewan Pertimbangan.;2025permendiktisaintek016.pdf:p2;all;list;medium;yes
Q026;Siapa yang memimpin Universitas Riau?;Rektor, yang dibantu oleh wakil rektor dan unsur organisasi di bawahnya.;2025permendiktisaintek016.pdf:p3;all;factoid;medium;yes
Q027;Wakil Rektor membidangi apa saja?;"Bidang Akademik; Bidang Keuangan dan Umum; Bidang Kemahasiswaan dan Alumni; Bidang Perencanaan, Kerja Sama, dan Sistem Informasi.";2025permendiktisaintek016.pdf:p3;all;list;medium;yes
Q028;Apa tugas fakultas di Universitas Riau?;Menyelenggarakan dan mengelola pendidikan akademik, vokasi, dan/atau profesi dalam bidang ilmu pengetahuan dan teknologi.;2025permendiktisaintek016.pdf:p4;all;factoid;medium;yes
Q029;Universitas Riau punya fakultas apa saja?;Fakultas Ilmu Sosial dan Ilmu Politik, Fakultas Keguruan dan Ilmu Pendidikan, Fakultas Matematika dan Ilmu Pengetahuan Alam, Fakultas Ekonomi dan Bisnis, Fakultas Pertanian, Fakultas Perikanan dan Kelautan, Fakultas Teknik, Fakultas Kedokteran, Fakultas Hukum, dan Fakultas Keperawatan.;2025permendiktisaintek016.pdf:p4|2025permendiktisaintek016.pdf:p5;all;list;hard;yes
Q030;Jurusan di fakultas tugasnya apa?;Mengelola pendidikan akademik, vokasi, dan/atau profesi serta mengelola sumber daya pendukung program studi.;2025permendiktisaintek016.pdf:p6;all;factoid;medium;yes
Q031;Untuk apa aturan tata naskah dinas dibuat?;Untuk menyesuaikan jenis, materi, dan format naskah dinas agar selaras dengan perubahan organisasi, tugas, dan fungsi di Kementerian Pendidikan dan Kebudayaan.;TATA NASKAH DINAS_Permendikbud_Nomor_3_Tahun_2021_tentang_TND_Kemdikbud_Full.pdf:p0;all;factoid;medium;yes
Q032;Apa yang dimaksud dengan naskah dinas?;Informasi tertulis sebagai alat komunikasi kedinasan yang dibuat/dikeluarkan oleh pejabat berwenang di Kementerian Pendidikan dan Kebudayaan.;TATA NASKAH DINAS_Permendikbud_Nomor_3_Tahun_2021_tentang_TND_Kemdikbud_Full.pdf:p2;all;definisi;medium;yes
Q033;Tata naskah dinas itu apa?;Pengelolaan informasi tertulis meliputi pengaturan jenis, format, penyiapan, pengamanan, pengesahan, dan penyampaian Naskah Dinas.;TATA NASKAH DINAS_Permendikbud_Nomor_3_Tahun_2021_tentang_TND_Kemdikbud_Full.pdf:p2;all;definisi;medium;yes
Q034;Naskah dinas dibagi menjadi jenis apa saja?;Naskah Dinas Arahan, Naskah Dinas Korespondensi, Naskah Dinas Khusus, dan Naskah Dinas lainnya.;TATA NASKAH DINAS_Permendikbud_Nomor_3_Tahun_2021_tentang_TND_Kemdikbud_Full.pdf:p4;all;list;medium;yes
Q035;Yang termasuk naskah dinas arahan apa saja?;Naskah Dinas pengaturan, penetapan, dan penugasan.;TATA NASKAH DINAS_Permendikbud_Nomor_3_Tahun_2021_tentang_TND_Kemdikbud_Full.pdf:p2;all;list;easy;yes
Q036;Yang termasuk naskah dinas korespondensi apa saja?;Nota dinas, surat dinas, dan surat undangan.;TATA NASKAH DINAS_Permendikbud_Nomor_3_Tahun_2021_tentang_TND_Kemdikbud_Full.pdf:p9;all;list;easy;yes
Q037;Yang termasuk naskah dinas khusus apa saja?;Nota kesepahaman, perjanjian kerja sama dalam negeri, surat kuasa, berita acara, surat keterangan, surat pernyataan, surat pengantar, pengumuman, dan perjanjian internasional.;TATA NASKAH DINAS_Permendikbud_Nomor_3_Tahun_2021_tentang_TND_Kemdikbud_Full.pdf:p10;all;list;medium;yes
Q038;Siapa yang berwenang menandatangani naskah dinas?;Dilakukan oleh pejabat berwenang sesuai dengan bidang tugas dan kewenangan.;TATA NASKAH DINAS_Permendikbud_Nomor_3_Tahun_2021_tentang_TND_Kemdikbud_Full.pdf:p28;all;factoid;easy;yes
Q039;Bagaimana cara menomori naskah dinas?;Nomor naskah dinas terdiri atas nomor urut naskah dinas dan kode naskah dinas.;TATA NASKAH DINAS_Permendikbud_Nomor_3_Tahun_2021_tentang_TND_Kemdikbud_Full.pdf:p21;all;prosedur;medium;yes
Q040;Bahasa seperti apa yang harus dipakai dalam naskah dinas?;Menggunakan bahasa Indonesia yang baik, benar, dan baku.;TATA NASKAH DINAS_Permendikbud_Nomor_3_Tahun_2021_tentang_TND_Kemdikbud_Full.pdf:p17;all;factoid;easy;yes
Q041;Apakah UNRI punya aturan resmi tentang penggunaan AI dalam perkuliahan?;Peraturan Rektor Universitas Riau Nomor 4 Tahun 2025.;4-Penggunaan-AI-dalam-Kegiatan-Belajar-Mengajar.pdf:p0;all;factoid;easy;yes
Q042;Kapan aturan penggunaan AI di UNRI ditetapkan?;Ditetapkan di Pekanbaru pada tanggal 13 Maret 2025.;4-Penggunaan-AI-dalam-Kegiatan-Belajar-Mengajar.pdf:p7;all;factoid;easy;yes
Q043;Apa yang dimaksud dengan artificial intelligence?;Bidang ilmu komputer dalam memecahkan masalah kognitif yang umumnya terkait kecerdasan manusia seperti pembelajaran, pemecahan masalah, pengenalan pola, dan lainnya.;4-Penggunaan-AI-dalam-Kegiatan-Belajar-Mengajar.pdf:p4;all;definisi;easy;yes
Q044;Prinsip apa yang harus dipegang saat memakai AI di kampus?;Berintegritas, bertanggungjawab, transparan, dan beretika.;4-Penggunaan-AI-dalam-Kegiatan-Belajar-Mengajar.pdf:p5;all;list;easy;yes
Q045;Kenapa UNRI memperbolehkan AI dipakai untuk kegiatan akademik?;Untuk membantu mengeksplorasi dan mengekspresikan kreativitas serta ide-ide baru serta pengembangan ilmu pengetahuan yang sesuai dengan prinsip-prinsip integritas akademik.;4-Penggunaan-AI-dalam-Kegiatan-Belajar-Mengajar.pdf:p4;all;factoid;medium;yes
Q046;AI itu ada jenis apa saja?;Prediktif AI dan Generative AI.;4-Penggunaan-AI-dalam-Kegiatan-Belajar-Mengajar.pdf:p5;all;list;easy;yes
Q047;Jenis AI mana yang diatur aturannya di UNRI?;Generative AI, sebagaimana dimaksud pada Pasal 4 ayat (1) huruf b.;4-Penggunaan-AI-dalam-Kegiatan-Belajar-Mengajar.pdf:p5;all;factoid;medium;yes
Q048;Apa itu generative AI?;Jenis AI yang dapat menciptakan konten berupa teks, gambar, audio, video, atau gabungannya.;4-Penggunaan-AI-dalam-Kegiatan-Belajar-Mengajar.pdf:p5;all;definisi;easy;yes
Q049;Apa itu prediktif AI?;Jenis AI yang dirancang untuk memprediksi tentang peristiwa atau output.;4-Penggunaan-AI-dalam-Kegiatan-Belajar-Mengajar.pdf:p5;all;definisi;easy;yes
Q050;Siapa saja yang terikat aturan penggunaan AI di UNRI?;Civitas Akademika Unri yang terdiri dari Dosen, Mahasiswa, dan Tenaga kependidikan.;4-Penggunaan-AI-dalam-Kegiatan-Belajar-Mengajar.pdf:p5;all;list;easy;yes
Q051;Berapa persen maksimal hasil deteksi AI yang masih diperbolehkan untuk tugas dan karya ilmiah?;Batas maksimal 25 persen hasil uji AI deteksi berbasis software yang disediakan Unri.;4-Penggunaan-AI-dalam-Kegiatan-Belajar-Mengajar.pdf:p6;all;factoid;medium;yes
Q052;Kalau saya pakai AI untuk menulis karya ilmiah, apa yang harus saya cantumkan?;Penggunaan Generative AI harus dijelaskan pada metodologi penelitian.;4-Penggunaan-AI-dalam-Kegiatan-Belajar-Mengajar.pdf:p6;all;factoid;medium;yes
Q053;Penggunaan AI seperti apa yang dilarang di UNRI?;Mengambil seluruh atau sebagian hasil Generative AI tanpa atribusi dan transparansi, serta menggunakan Generative AI sepenuhnya menggantikan peran dosen dalam evaluasi dan penilaian, peran mahasiswa dalam pembuatan tugas, ujian dan karya ilmiah, serta peran tenaga kependidikan dalam penulisan karya ilmiah atau bentuk lainnya.;4-Penggunaan-AI-dalam-Kegiatan-Belajar-Mengajar.pdf:p5|4-Penggunaan-AI-dalam-Kegiatan-Belajar-Mengajar.pdf:p6;all;list;hard;yes
Q054;Siapa yang mengecek penggunaan AI pada skripsi, tesis, dan disertasi?;Perpustakaan Unri.;4-Penggunaan-AI-dalam-Kegiatan-Belajar-Mengajar.pdf:p6;all;factoid;easy;yes
Q055;Siapa yang mengawasi penggunaan AI pada tugas kuliah mahasiswa?;Dosen, melalui perangkat lunak yang disediakan oleh Unri atau perangkat lainnya yang setara.;4-Penggunaan-AI-dalam-Kegiatan-Belajar-Mengajar.pdf:p7;all;factoid;medium;yes
Q056;Apakah pengawasan AI oleh perpustakaan pusat bisa dilimpahkan ke pustaka cabang?;Ke Pustaka Cabang dengan berkoordinasi dengan Fakultas dan Pascasarjana.;4-Penggunaan-AI-dalam-Kegiatan-Belajar-Mengajar.pdf:p6;all;factoid;medium;yes
Q057;Bagaimana sanksi bagi yang melanggar aturan penggunaan AI?;Dilaksanakan sesuai ketentuan peraturan perundang-undangan yang berlaku.;4-Penggunaan-AI-dalam-Kegiatan-Belajar-Mengajar.pdf:p7;all;factoid;medium;yes
Q058;Apa yang dimaksud integritas akademik dalam konteks penggunaan AI?;Komitmen dalam bentuk perbuatan berdasarkan nilai-nilai luhur dalam melaksanakan kegiatan tridharma perguruan tinggi.;4-Penggunaan-AI-dalam-Kegiatan-Belajar-Mengajar.pdf:p4;all;definisi;medium;yes
Q059;Mulai kapan aturan penggunaan AI di UNRI berlaku?;Mulai berlaku pada tanggal ditetapkan.;4-Penggunaan-AI-dalam-Kegiatan-Belajar-Mengajar.pdf:p7;all;factoid;easy;yes
Q060;Siapa Rektor yang menandatangani aturan penggunaan AI di UNRI?;Sri Indarti.;4-Penggunaan-AI-dalam-Kegiatan-Belajar-Mengajar.pdf:p7;all;factoid;easy;yes
Q061;Apa yang dimaksud dengan perpustakaan perguruan tinggi?;Perpustakaan yang merupakan bagian integral dari kegiatan pendidikan, penelitian dan pengabdian kepada masyarakat dan berfungsi sebagai pusat sumber belajar untuk mendukung tercapainya tujuan pendidikan yang berkedudukan di Unri.;4-Penggunaan-AI-dalam-Kegiatan-Belajar-Mengajar.pdf:p4;all;definisi;medium;yes
Q062;Apa yang dimaksud dengan tenaga kependidikan?;Anggota masyarakat yang mengabdikan diri dan diangkat untuk menunjang penyelenggaraan pendidikan di Unri.;4-Penggunaan-AI-dalam-Kegiatan-Belajar-Mengajar.pdf:p4;all;definisi;easy;yes
Q063;Apa yang dimaksud dengan dosen?;Pendidik profesional dan ilmuwan Unri dengan tugas utama mentransformasikan, mengembangkan, dan menyebarluaskan ilmu pengetahuan dan teknologi melalui pendidikan, penelitian, dan pengabdian kepada masyarakat di Unri.;4-Penggunaan-AI-dalam-Kegiatan-Belajar-Mengajar.pdf:p3|8-Fast-Track.pdf:p5|9-Perubahan-atas-Peraturan-Rektor-Nomor-8-Tahun-2024-tentang-Penyelenggaraan-Pendidikan-Universitas-Riau.pdf:p5;any;definisi;medium;yes
Q064;Pengawasan penggunaan AI dilakukan memakai apa?;Dalam bentuk perangkat lunak yang disediakan oleh Unri atau perangkat lainnya yang setara.;4-Penggunaan-AI-dalam-Kegiatan-Belajar-Mengajar.pdf:p6;all;factoid;medium;yes
Q065;Apakah UNRI punya aturan khusus tentang integritas akademik?;Peraturan Rektor Universitas Riau Nomor 7 Tahun 2025.;7-Integritas-Akademik-dalam-Menghasilkan-Karya-Ilmiah.pdf:p0;all;factoid;easy;yes
Q066;Kapan aturan integritas akademik UNRI ditetapkan?;Ditetapkan di Pekanbaru pada tanggal 30 April 2025.;7-Integritas-Akademik-dalam-Menghasilkan-Karya-Ilmiah.pdf:p12;all;factoid;easy;yes
Q067;Aturan integritas akademik UNRI dibuat untuk menjalankan ketentuan peraturan menteri yang mana?;Untuk melaksanakan ketentuan Pasal 5 Peraturan Menteri Pendidikan, Kebudayaan, Riset, dan Teknologi Nomor 39 Tahun 2021 tentang Integritas Akademik dalam Menghasilkan Karya Ilmiah.;7-Integritas-Akademik-dalam-Menghasilkan-Karya-Ilmiah.pdf:p0;all;factoid;medium;yes
Q068;Apa itu integritas akademik dalam menghasilkan karya ilmiah?;Komitmen dalam bentuk perbuatan berdasarkan nilai-nilai luhur dalam menghasilkan karya ilmiah.;7-Integritas-Akademik-dalam-Menghasilkan-Karya-Ilmiah.pdf:p1;all;definisi;easy;yes
Q069;Nilai-nilai apa saja yang termasuk integritas akademik?;Kejujuran, kepercayaan, keadilan, kehormatan, tanggung jawab, dan keteguhan hati.;7-Integritas-Akademik-dalam-Menghasilkan-Karya-Ilmiah.pdf:p2;all;list;easy;yes
Q070;Apa tujuan penerapan integritas akademik di kampus?;Menjaga budaya akademik di lingkungan Unri, membina Sivitas Akademika agar terhindar dari perbuatan yang melanggar nilai Integritas Akademik, meningkatkan integritas Sivitas Akademika dalam Tridharma Perguruan Tinggi, dan menerapkan otonomi keilmuan.;7-Integritas-Akademik-dalam-Menghasilkan-Karya-Ilmiah.pdf:p2;all;list;medium;yes
Q071;Apa saja upaya UNRI untuk mewujudkan integritas akademik?;Pencegahan, pembinaan, dan penanggulangan.;7-Integritas-Akademik-dalam-Menghasilkan-Karya-Ilmiah.pdf:p2;all;list;easy;yes
Q072;Apa yang harus saya lampirkan saat menyerahkan karya ilmiah?;Pernyataan yang ditandatangani penyusunnya bahwa Karya Ilmiah bebas dari pelanggaran Integritas Akademik dan penyusun bersedia menerima sanksi administratif apabila di kemudian hari terbukti terdapat pelanggaran.;7-Integritas-Akademik-dalam-Menghasilkan-Karya-Ilmiah.pdf:p3;all;factoid;medium;yes
Q073;Siapa yang bertanggung jawab membina integritas akademik di UNRI?;Rektor, yang dikoordinasikan oleh Wakil Rektor yang menangani bidang Akademik.;7-Integritas-Akademik-dalam-Menghasilkan-Karya-Ilmiah.pdf:p3;all;factoid;medium;yes
Q074;Berapa kali setahun sosialisasi integritas akademik harus diadakan?;Paling sedikit 1 kali dalam 1 tahun.;7-Integritas-Akademik-dalam-Menghasilkan-Karya-Ilmiah.pdf:p4;all;factoid;easy;yes
Q075;Apa saja yang termasuk pelanggaran integritas akademik?;Fabrikasi, falsifikasi, plagiat, kepengarangan yang tidak sah, konflik kepentingan, dan pengajuan jamak.;7-Integritas-Akademik-dalam-Menghasilkan-Karya-Ilmiah.pdf:p5;all;list;easy;yes
Q076;Apa itu fabrikasi dalam penelitian?;Pembuatan data penelitian dan/atau informasi fiktif.;7-Integritas-Akademik-dalam-Menghasilkan-Karya-Ilmiah.pdf:p5;all;definisi;easy;yes
Q077;Apa itu falsifikasi data penelitian?;Perekayasaan data dan/atau informasi penelitian.;7-Integritas-Akademik-dalam-Menghasilkan-Karya-Ilmiah.pdf:p5;all;definisi;easy;yes
Q078;Perbuatan apa saja yang dianggap plagiat?;Mengambil sebagian atau seluruh karya milik orang lain tanpa menyebut sumber secara tepat, menulis ulang dengan bahasa sendiri sebagian atau seluruh karya orang lain walaupun menyebut sumber, dan mengambil sebagian atau seluruh karya atau gagasan milik sendiri yang telah diterbitkan tanpa menyebut sumber secara tepat.;7-Integritas-Akademik-dalam-Menghasilkan-Karya-Ilmiah.pdf:p5;all;list;hard;yes
Q079;Apa itu pengajuan jamak dalam publikasi ilmiah?;Perbuatan mengajukan naskah Karya Ilmiah yang sama pada lebih dari satu Jurnal Ilmiah yang berakibat dimuat pada lebih dari satu Jurnal Ilmiah.;7-Integritas-Akademik-dalam-Menghasilkan-Karya-Ilmiah.pdf:p6;all;definisi;medium;yes
Q080;Tingkat pelanggaran integritas akademik dibagi jadi apa saja?;Ringan, sedang, dan berat.;7-Integritas-Akademik-dalam-Menghasilkan-Karya-Ilmiah.pdf:p6;all;list;easy;yes
Q081;Siapa yang menjadi majelis kehormatan integritas akademik di UNRI?;Komisi Senat yang membidangi bidang penelitian dan pengabdian kepada masyarakat, yang ditetapkan dengan Keputusan Rektor.;7-Integritas-Akademik-dalam-Menghasilkan-Karya-Ilmiah.pdf:p6;all;factoid;medium;yes
Q082;Biaya kerja majelis kehormatan integritas akademik ditanggung siapa?;Dibebankan pada anggaran Unri.;7-Integritas-Akademik-dalam-Menghasilkan-Karya-Ilmiah.pdf:p7;all;factoid;easy;yes
Q083;Saya mau melaporkan dugaan plagiat, ke mana laporannya?;Ke Senat melalui Ketua Senat, secara luring (offline) atau daring (online).;7-Integritas-Akademik-dalam-Menghasilkan-Karya-Ilmiah.pdf:p7;all;factoid;medium;yes
Q084;Apa saja yang harus saya sertakan dalam laporan dugaan pelanggaran akademik?;Identitas pelapor, nama terlapor, uraian singkat mengenai dugaan pelanggaran yang dilakukan terlapor, dan alat bukti yang relevan.;7-Integritas-Akademik-dalam-Menghasilkan-Karya-Ilmiah.pdf:p7;all;list;medium;yes
Q085;Berapa lama laporan dugaan pelanggaran diteruskan Ketua Senat ke majelis kehormatan?;Paling lambat 7 hari sejak diterimanya laporan, dengan tembusan ke Rektor.;7-Integritas-Akademik-dalam-Menghasilkan-Karya-Ilmiah.pdf:p7;all;factoid;medium;yes
Q086;Berapa lama majelis kehormatan menentukan sebuah laporan diperiksa atau tidak?;Paling lambat 14 hari sejak diterimanya surat pemberitahuan dari Ketua Senat.;7-Integritas-Akademik-dalam-Menghasilkan-Karya-Ilmiah.pdf:p7;all;factoid;medium;yes
Q087;Prinsip apa yang dipakai dalam pemeriksaan pelanggaran integritas akademik?;Keadilan, kejujuran, kecermatan, keseimbangan, dan transparansi.;7-Integritas-Akademik-dalam-Menghasilkan-Karya-Ilmiah.pdf:p8;all;list;easy;yes
Q088;Minimal berapa orang yang memeriksa dugaan pelanggaran integritas akademik?;Paling sedikit 3 orang anggota berdasarkan kesepakatan majelis kehormatan Integritas Akademik.;7-Integritas-Akademik-dalam-Menghasilkan-Karya-Ilmiah.pdf:p8;all;factoid;medium;yes
Q089;Berapa lama proses pemeriksaan pelanggaran integritas akademik?;Paling lama 60 hari kerja terhitung sejak dimulainya pemeriksaan.;7-Integritas-Akademik-dalam-Menghasilkan-Karya-Ilmiah.pdf:p8;all;factoid;medium;yes
Q090;Dosen yang terbukti melanggar integritas akademik kena sanksi apa?;Penghapusan hak insentif atas Karya Ilmiah, tidak dapat melakukan penelitian dan pengabdian yang dibiayai maksimal 3 tahun, tidak dapat menjadi pembimbing dan penguji tugas akhir maksimal 3 tahun, penundaan kenaikan jabatan akademik maksimal 3 tahun, penurunan jabatan akademik satu tingkat, dan/atau pemberhentian dari jabatan Dosen.;7-Integritas-Akademik-dalam-Menghasilkan-Karya-Ilmiah.pdf:p9;all;list;hard;yes
Q091;Mahasiswa yang terbukti plagiat kena sanksi apa?;Pengurangan nilai atas Karya Ilmiah, penundaan pemberian sebagian hak Mahasiswa, pembatalan pemberian sebagian hak Mahasiswa, pembatalan nilai satu atau beberapa mata kuliah, dan pemberhentian dari status sebagai Mahasiswa, pembatalan ijazah, sertifikat kompetensi, atau sertifikat profesi.;7-Integritas-Akademik-dalam-Menghasilkan-Karya-Ilmiah.pdf:p10;all;list;hard;yes
Q092;Kalau saya keberatan dengan sanksi yang dijatuhkan, berapa lama saya bisa mengajukan dan kapan dijawab?;Keberatan dapat diajukan dalam jangka waktu 21 hari sejak sanksi administratif ditetapkan, dan harus dijawab Rektor paling lama 14 hari sejak diterimanya keberatan.;7-Integritas-Akademik-dalam-Menghasilkan-Karya-Ilmiah.pdf:p11;all;factoid;hard;yes
Q093;Apa yang dimaksud dengan karya ilmiah?;Hasil karya Tridharma oleh Sivitas akademika dan/atau karya yang setara dalam bentuk tertulis atau bentuk lainnya yang telah dinilai dan/atau dipublikasikan.;7-Integritas-Akademik-dalam-Menghasilkan-Karya-Ilmiah.pdf:p2;all;definisi;medium;yes
Q094;Apa yang dimaksud dengan jurnal ilmiah?;Bentuk pemberitaan atau komunikasi yang memuat Karya Ilmiah dan diterbitkan terjadwal dalam bentuk elektronik dan/atau tercetak.;7-Integritas-Akademik-dalam-Menghasilkan-Karya-Ilmiah.pdf:p2;all;definisi;medium;yes
Q095;Kalau aturan integritas akademik menyebut jangka waktu dalam hari, itu hari apa?;Hari kerja.;7-Integritas-Akademik-dalam-Menghasilkan-Karya-Ilmiah.pdf:p2;all;definisi;easy;yes
Q096;Kepengarangan yang tidak sah itu seperti apa?;Menggabungkan diri sebagai pengarang bersama tanpa memberikan kontribusi dalam Karya Ilmiah, menghilangkan nama seseorang yang mempunyai kontribusi, menyuruh orang lain untuk membuat karya sebagai karyanya tanpa memberikan kontribusi, dan/atau menggabungkan diri dan/atau menghasilkan Karya Ilmiah yang berbeda atau di luar rumpun ilmu.;7-Integritas-Akademik-dalam-Menghasilkan-Karya-Ilmiah.pdf:p5;all;list;hard;yes
Q097;Apa itu konflik kepentingan dalam penulisan karya ilmiah?;Perbuatan menghasilkan Karya Ilmiah yang mengikuti keinginan untuk menguntungkan dan/atau merugikan pihak tertentu.;7-Integritas-Akademik-dalam-Menghasilkan-Karya-Ilmiah.pdf:p5;all;definisi;medium;yes
Q098;Alat bukti apa saja yang bisa dipakai dalam laporan dugaan pelanggaran akademik?;Surat atau tulisan, keterangan saksi, keterangan ahli, alat bukti lain berupa data dan/atau informasi yang diucapkan, dikirimkan, diterima, atau disimpan secara elektronik dengan alat optik atau yang serupa, dan/atau petunjuk.;7-Integritas-Akademik-dalam-Menghasilkan-Karya-Ilmiah.pdf:p7;all;list;hard;yes
Q099;Selama pemeriksaan berlangsung, apakah hak kuliah atau hak kerja terlapor bisa dihentikan sementara?;Rektor dapat memberhentikan sementara hak pendidikan terlapor yang berstatus sebagai Mahasiswa atau hak pekerjaan terlapor yang berstatus sebagai Dosen, berdasarkan usulan majelis kehormatan Integritas Akademik melalui Ketua Senat.;7-Integritas-Akademik-dalam-Menghasilkan-Karya-Ilmiah.pdf:p9;all;prosedur;hard;yes
Q100;Apakah UNRI punya aturan tentang program fast track?;Peraturan Rektor Universitas Riau Nomor 8 Tahun 2025.;8-Fast-Track.pdf:p0;all;factoid;easy;yes
Q101;Kapan aturan program fast track UNRI ditetapkan?;Ditetapkan di Pekanbaru pada tanggal 12 Juni 2025.;8-Fast-Track.pdf:p18;all;factoid;easy;yes
Q102;Program fast track itu apa?;Program pendidikan unggulan yang diadakan oleh Unri yang memberikan kesempatan kepada mahasiswa berpotensi untuk menyelesaikan program Sarjana (S1) dan Magister (S2) dalam waktu 5 tahun untuk mempersiapkan lulusan yang unggul dan berkualitas.;8-Fast-Track.pdf:p3;all;definisi;easy;yes
Q103;Apa tujuan diadakannya program fast track?;Memfasilitasi mahasiswa jenjang sarjana yang unggul di bidang akademik dan bahasa Inggris untuk melanjutkan ke jenjang Magister, meningkatkan jumlah mahasiswa unggul di program Magister, meningkatkan publikasi ilmiah, dan menghasilkan lulusan Magister yang unggul dalam waktu yang lebih cepat.;8-Fast-Track.pdf:p10|8-Fast-Track.pdf:p11;all;list;medium;yes
Q104;Prodi dengan akreditasi apa yang boleh membuka fast track?;Harus memiliki akreditasi Unggul.;8-Fast-Track.pdf:p11;all;factoid;medium;yes
Q105;Bolehkah ada mata kuliah prasyarat S2 di semester 7 dan 8 bagi peserta fast track?;Tidak boleh ada mata kuliah prasyarat S2 yang diajarkan pada semester 7 dan 8 program S1.;8-Fast-Track.pdf:p11;all;factoid;medium;yes
Q106;Berapa lama total kuliah S1 sampai S2 lewat jalur fast track?;Maksimum 5 tahun.;8-Fast-Track.pdf:p11;all;factoid;easy;yes
Q107;Peserta fast track harus menyelesaikan berapa SKS S1 dan dalam berapa lama?;Setidaknya 144 SKS dalam jangka waktu maksimum 8 semester atau tidak lebih dari 4 tahun, dengan IPK minimal 3,50.;8-Fast-Track.pdf:p12;all;factoid;medium;yes
Q108;Di tahun pertama S2, peserta fast track harus ambil berapa SKS?;Setidaknya 12 SKS dengan IPK minimal 3,50.;8-Fast-Track.pdf:p12;all;factoid;medium;yes
Q109;Total berapa SKS magister yang harus diambil mahasiswa fast track?;Setidaknya 54 SKS, yang dijadwalkan untuk paling lama 4 semester.;8-Fast-Track.pdf:p12;all;factoid;medium;yes
Q110;Siapa yang menyetujui kurikulum program fast track?;Kurikulum mendapatkan persetujuan setelah melalui evaluasi dari Program Studi Sarjana asal dan Program Studi Magister tujuan.;8-Fast-Track.pdf:p12;all;factoid;medium;yes
Q111;Kapan seleksi fast track dibuka?;Pada permulaan semester 6 di setiap Fakultas.;8-Fast-Track.pdf:p13;all;factoid;easy;yes
Q112;Seleksi fast track dinilai berdasarkan apa?;Berdasarkan IPK tertinggi dan Nilai TOEFL.;8-Fast-Track.pdf:p13;all;factoid;easy;yes
Q113;Kapan pengumuman kelulusan seleksi fast track?;Menjelang akhir semester 6, sekitar bulan Juni atau Juli.;8-Fast-Track.pdf:p13;all;factoid;medium;yes
Q114;Saya mau daftar fast track, minimal sudah berapa SKS di semester 6?;Paling tidak 120 SKS dan memiliki IPK minimal 3,50 serta telah memprogram atau merencanakan kegiatan Kuliah Kerja Nyata.;8-Fast-Track.pdf:p13;all;factoid;medium;yes
Q115;Berapa skor TOEFL minimal untuk mendaftar fast track?;Minimal 500, yang dikeluarkan oleh Pusat Bahasa UNRI.;8-Fast-Track.pdf:p13;all;factoid;easy;yes
Q116;Untuk daftar fast track saya perlu persetujuan siapa saja?;Persetujuan dari Dekan dan rekomendasi dari Ketua Jurusan atau Program Studi Sarjana serta calon pembimbing tesis program Magister.;8-Fast-Track.pdf:p14;all;factoid;medium;yes
Q117;Peserta fast track harus lulus S1 dalam berapa tahun dan dengan IPK berapa?;Maksimal 4 tahun dengan IPK minimal 3,50.;8-Fast-Track.pdf:p14;all;factoid;medium;yes
Q118;Kalau IPK saya turun di bawah syarat fast track, apa yang terjadi?;Keikutsertaannya dalam program Fast Track dibatalkan, mereka kembali mengikuti program Sarjana reguler dan diizinkan melanjutkan program Magister setelah lulus dari program Sarjana.;8-Fast-Track.pdf:p14;all;prosedur;hard;yes
Q119;Selama fast track saya pakai NIM S1 atau NIM S2?;Tetap menggunakan NIM S1 hingga lulus dari program Sarjana, dan mendapatkan NIM Magister setelah lulus dari program Sarjana.;8-Fast-Track.pdf:p14;all;factoid;medium;yes
Q120;Di semester 7 dan 8, mahasiswa fast track bayar biaya kuliah jenjang apa?;Tetap mengikuti pembiayaan pada jenjang pendidikan program Sarjana plus biaya SKS kuliah pada program Magister yang satuannya ditetapkan tersendiri.;8-Fast-Track.pdf:p16;all;factoid;medium;yes
Q121;Mulai semester berapa mahasiswa fast track bayar biaya S2?;Mulai semester 9.;8-Fast-Track.pdf:p16;all;factoid;easy;yes
Q122;Berapa persen kehadiran kuliah minimal supaya peserta fast track boleh ikut ujian?;Paling sedikit 75 persen.;8-Fast-Track.pdf:p15;all;factoid;easy;yes
Q123;Apakah mahasiswa fast track bisa mendapat dana penelitian?;Berhak mendapatkan dana penelitian baik dari pembimbing maupun institusi sesuai dengan regulasi yang akan diatur kemudian.;8-Fast-Track.pdf:p15;all;factoid;medium;yes
Q124;Berapa nilai minimal untuk lulus ujian skripsi dan tesis di jalur fast track?;Sama dengan atau lebih besar dari nilai mutu 3 atau nilai huruf B.;8-Fast-Track.pdf:p16;all;factoid;medium;yes
Q125;Siapa yang memantau agar peserta fast track lulus S1 tepat 4 tahun?;Koordinator Program Studi Sarjana, dengan hasil monev dilaporkan ke pimpinan Jurusan, Fakultas, dan Universitas.;8-Fast-Track.pdf:p16;all;factoid;medium;yes
Q126;Siapa yang memantau agar peserta fast track lulus S1 dan S2 dalam 5 tahun?;Koordinator Program Studi Magister, dengan hasil monev dilaporkan ke pimpinan Pascasarjana dan Universitas.;8-Fast-Track.pdf:p16;all;factoid;medium;yes
Q127;Berapa IP minimal untuk mata kuliah S2 yang diambil saat masih berstatus mahasiswa S1?;Tidak kurang dari 3,50.;8-Fast-Track.pdf:p17;all;factoid;medium;yes
Q128;Bolehkah mahasiswa fast track mengambil cuti akademik di semester 7?;Tidak dapat. Mahasiswa yang sedang berada di Semester 7 dan 8 pada program Sarjana serta Semester 1 dan 2 pada Program Magister tidak dapat mengajukan cuti akademik.;8-Fast-Track.pdf:p17;all;prosedur;medium;yes
Q129;Kapan seorang mahasiswa dinyatakan gagal di program fast track?;Apabila melakukan cuti akademik setelah diterima dalam program Fast Track, tidak memenuhi evaluasi tahun pertama atau tahun kedua, atau melakukan pelanggaran etika akademik.;8-Fast-Track.pdf:p17;all;list;medium;yes
Q130;Kalau saya gagal fast track di tahun pertama, apakah masih bisa lanjut kuliah?;Dapat melanjutkan Program Sarjana Reguler.;8-Fast-Track.pdf:p17;all;prosedur;medium;yes
Q131;SKS S2 yang sudah saya ambil di fast track hangus atau bisa dipakai kalau pindah ke jalur reguler?;Dapat diakui melalui mekanisme transfer kredit saat melanjutkan ke Program Magister jalur reguler.;8-Fast-Track.pdf:p17;all;prosedur;hard;yes
Q132;Apa tugas Dosen Penasihat Akademik?;Dosen tetap pada Program Sarjana dan Program Pascasarjana yang diserahi tugas untuk memberikan pertimbangan, petunjuk, nasihat dan persetujuan kepada mahasiswa bimbingannya dalam menentukan rencana studinya dan dapat memberikan konseling yang mendukung proses pembelajaran.;8-Fast-Track.pdf:p5|9-Perubahan-atas-Peraturan-Rektor-Nomor-8-Tahun-2024-tentang-Penyelenggaraan-Pendidikan-Universitas-Riau.pdf:p5|9-Perubahan-atas-Peraturan-Rektor-Nomor-8-Tahun-2024-tentang-Penyelenggaraan-Pendidikan-Universitas-Riau.pdf:p20;any;definisi;hard;yes
Q133;Apa itu transfer kredit?;Transfer SKS mata kuliah yang diperoleh dari luar Program Studinya, yang direncanakan dan secara sistematis tercantum dalam kurikulum Program Studi tersebut, yang dapat diambil baik di dalam maupun di luar Unri.;8-Fast-Track.pdf:p7|9-Perubahan-atas-Peraturan-Rektor-Nomor-8-Tahun-2024-tentang-Penyelenggaraan-Pendidikan-Universitas-Riau.pdf:p7;any;definisi;medium;yes
Q134;Apa bedanya double degree dan joint degree?;Double Degree adalah gelar ganda yang diperoleh dari Unri dan perguruan tinggi lain dan diberikan 2 ijazah, sedangkan Joint Degree adalah gelar yang diperoleh dari Unri bersama perguruan tinggi lain dan diberikan 1 ijazah.;8-Fast-Track.pdf:p7|8-Fast-Track.pdf:p8|9-Perubahan-atas-Peraturan-Rektor-Nomor-8-Tahun-2024-tentang-Penyelenggaraan-Pendidikan-Universitas-Riau.pdf:p7;any;komparatif;hard;yes
Q135;Satu semester itu berapa minggu?;Satuan waktu proses pembelajaran efektif selama paling sedikit 16 minggu.;8-Fast-Track.pdf:p6|9-Perubahan-atas-Peraturan-Rektor-Nomor-8-Tahun-2024-tentang-Penyelenggaraan-Pendidikan-Universitas-Riau.pdf:p6;any;factoid;easy;yes
Q136;Satu SKS itu setara berapa jam kegiatan?;Takaran penghargaan terhadap pengalaman belajar yang diperoleh melalui satu jam kegiatan terjadwal yang diiringi oleh dua sampai empat jam per minggu dengan tugas atau kegiatan lain setara yang terstruktur maupun mandiri selama satu semester.;8-Fast-Track.pdf:p7|9-Perubahan-atas-Peraturan-Rektor-Nomor-8-Tahun-2024-tentang-Penyelenggaraan-Pendidikan-Universitas-Riau.pdf:p6;any;definisi;hard;yes
Q137;Kewajiban publikasi mahasiswa fast track mengikuti aturan mana?;Sesuai dengan ketentuan yang diatur dalam Peraturan Akademis Unri.;8-Fast-Track.pdf:p15;all;factoid;medium;yes
Q138;Apa akibatnya kalau peserta fast track tidak mengisi KRS?;Akan dianggap sebagai pelanggaran akademik.;8-Fast-Track.pdf:p12;all;prosedur;medium;yes
Q139;Siapa yang melakukan monev fast track dengan melibatkan mahasiswa dan dosen pengampu?;Pusat Jaminan Mutu dan Pascasarjana, dengan melibatkan mahasiswa peserta program Fast Track, dosen pengampu mata kuliah program sarjana atau magister, dosen pembimbing dan dosen penguji skripsi atau tesis.;8-Fast-Track.pdf:p16;all;factoid;hard;yes
Q140;Aturan mana yang mengubah ketentuan penyelenggaraan pendidikan UNRI tahun 2024?;Peraturan Rektor Universitas Riau Nomor 9 Tahun 2025.;9-Perubahan-atas-Peraturan-Rektor-Nomor-8-Tahun-2024-tentang-Penyelenggaraan-Pendidikan-Universitas-Riau.pdf:p0;all;factoid;easy;yes
Q141;Kapan perubahan aturan penyelenggaraan pendidikan UNRI ditetapkan?;Ditetapkan di Pekanbaru pada tanggal 25 Juni 2025.;9-Perubahan-atas-Peraturan-Rektor-Nomor-8-Tahun-2024-tentang-Penyelenggaraan-Pendidikan-Universitas-Riau.pdf:p24;all;factoid;easy;yes
Q142;Apa itu herregistrasi?;Proses pendaftaran diri kembali pada semester berikutnya dengan mengisi KRS.;9-Perubahan-atas-Peraturan-Rektor-Nomor-8-Tahun-2024-tentang-Penyelenggaraan-Pendidikan-Universitas-Riau.pdf:p9;all;definisi;easy;yes
Q143;Apa yang dimaksud dengan Merdeka Belajar?;Konsep belajar secara mandiri dan kreatif yang memungkinkan mahasiswa, dosen pembimbing akademik, Program Studi, Universitas dan mitra berinovasi dalam kegiatan pembelajaran.;9-Perubahan-atas-Peraturan-Rektor-Nomor-8-Tahun-2024-tentang-Penyelenggaraan-Pendidikan-Universitas-Riau.pdf:p9;all;definisi;medium;yes
Q144;Apa yang dimaksud dengan budaya akademik?;Nilai kepercayaan dan kebiasaan serta filosofi yang dimiliki bersama oleh sivitas akademika Unri.;9-Perubahan-atas-Peraturan-Rektor-Nomor-8-Tahun-2024-tentang-Penyelenggaraan-Pendidikan-Universitas-Riau.pdf:p9;all;definisi;medium;yes
Q145;Apa itu stase dalam program profesi?;Periode rotasi klinis yang dijalani mahasiswa di berbagai bagian atau divisi di rumah sakit atau wahana pendidikan selama mahasiswa mengikuti Program Profesi.;9-Perubahan-atas-Peraturan-Rektor-Nomor-8-Tahun-2024-tentang-Penyelenggaraan-Pendidikan-Universitas-Riau.pdf:p5;all;definisi;medium;yes
Q146;Apa syarat seseorang bisa disebut praktisi di lingkungan akademik?;Kualifikasi pengalaman minimal 5 tahun dan bergelar akademik Magister atau Spesialis Satu (Sp1).;9-Perubahan-atas-Peraturan-Rektor-Nomor-8-Tahun-2024-tentang-Penyelenggaraan-Pendidikan-Universitas-Riau.pdf:p5;all;factoid;medium;yes
Q147;Apa itu mahasiswa non aktif?;Mahasiswa yang tidak melakukan herregistrasi dan tidak mengajukan permohonan cuti, sehingga tidak berhak mendapat pelayanan akademik.;9-Perubahan-atas-Peraturan-Rektor-Nomor-8-Tahun-2024-tentang-Penyelenggaraan-Pendidikan-Universitas-Riau.pdf:p9;all;definisi;easy;yes
Q148;Saya mau mengajukan cuti kuliah, lewat aplikasi apa?;Melalui aplikasi SATU UNRI, dan disetujui dalam bentuk Keputusan Rektor serta tidak dihitung sebagai masa studi.;9-Perubahan-atas-Peraturan-Rektor-Nomor-8-Tahun-2024-tentang-Penyelenggaraan-Pendidikan-Universitas-Riau.pdf:p10;all;factoid;medium;yes
Q149;Kapan mahasiswa dianggap mengundurkan diri?;Mahasiswa yang mengajukan surat permohonan pengunduran diri atau mahasiswa yang berstatus non aktif dua semester berturut-turut.;9-Perubahan-atas-Peraturan-Rektor-Nomor-8-Tahun-2024-tentang-Penyelenggaraan-Pendidikan-Universitas-Riau.pdf:p10;all;definisi;medium;yes
Q150;Apa bedanya putus studi dan drop out?;Mahasiswa Putus Studi kehilangan status kemahasiswaan karena sanksi akademik, sedangkan Mahasiswa Dikeluarkan atau Drop Out kehilangan status karena tidak memenuhi persyaratan evaluasi akademik dan administratif serta habis masa studi.;9-Perubahan-atas-Peraturan-Rektor-Nomor-8-Tahun-2024-tentang-Penyelenggaraan-Pendidikan-Universitas-Riau.pdf:p10;all;komparatif;hard;yes
Q151;Kapan mahasiswa dinyatakan lulus?;Telah menyelesaikan validasi kelulusan yaitu sudah menyelesaikan SKS minimal sesuai kurikulum masing-masing prodi dengan IPK minimal sesuai ketentuan dan menyelesaikan tugas akhir serta melengkapi dokumen syarat kelulusan.;9-Perubahan-atas-Peraturan-Rektor-Nomor-8-Tahun-2024-tentang-Penyelenggaraan-Pendidikan-Universitas-Riau.pdf:p10;all;factoid;hard;yes
Q152;Berapa lama maksimal kuliah D3?;Maksimal 4 tahun akademik atau 8 semester.;9-Perubahan-atas-Peraturan-Rektor-Nomor-8-Tahun-2024-tentang-Penyelenggaraan-Pendidikan-Universitas-Riau.pdf:p11;all;factoid;easy;yes
Q153;Berapa lama masa studi untuk program RPL?;RPL Tipe A maksimal 2 tahun akademik atau 4 semester, dan RPL Tipe B maksimal 1 tahun akademik atau 2 semester.;9-Perubahan-atas-Peraturan-Rektor-Nomor-8-Tahun-2024-tentang-Penyelenggaraan-Pendidikan-Universitas-Riau.pdf:p11;all;factoid;medium;yes
Q154;Kalau saya belum selesai S1 dalam 12 semester, apakah masih bisa diperpanjang?;Maksimal 6 tahun akademik atau 12 semester, dan dapat diperpanjang selama 2 semester dengan mengajukan surat permohonan dari Fakultas.;9-Perubahan-atas-Peraturan-Rektor-Nomor-8-Tahun-2024-tentang-Penyelenggaraan-Pendidikan-Universitas-Riau.pdf:p11;all;factoid;medium;yes
Q155;Berapa lama maksimal kuliah S2?;Maksimal 4 tahun akademik atau 8 semester, sebagaimana ayat (7a) yang disisipkan pada Pasal 6.;9-Perubahan-atas-Peraturan-Rektor-Nomor-8-Tahun-2024-tentang-Penyelenggaraan-Pendidikan-Universitas-Riau.pdf:p11;all;factoid;medium;yes
Q156;Berapa lama masa studi program dokter spesialis?;Minimal 3,5 tahun akademik atau 7 semester dan maksimal 8 tahun akademik atau 16 semester.;9-Perubahan-atas-Peraturan-Rektor-Nomor-8-Tahun-2024-tentang-Penyelenggaraan-Pendidikan-Universitas-Riau.pdf:p11;all;factoid;medium;yes
Q157;Berapa lama masa studi program doktor?;Minimal telah menyelesaikan perkuliahan selama 5 semester dan maksimal 6 tahun akademik atau 12 semester.;9-Perubahan-atas-Peraturan-Rektor-Nomor-8-Tahun-2024-tentang-Penyelenggaraan-Pendidikan-Universitas-Riau.pdf:p11;all;factoid;medium;yes
Q158;Penyelesaian studi S2 dan S3 bisa lewat jalur apa saja?;Jalur by Course atau jalur by Research.;9-Perubahan-atas-Peraturan-Rektor-Nomor-8-Tahun-2024-tentang-Penyelenggaraan-Pendidikan-Universitas-Riau.pdf:p11;all;list;easy;yes
Q159;Bolehkah saya terdaftar di dua program studi sekaligus di UNRI?;Maksimum pada 2 Program Studi dalam masa studinya, yang pelaksanaannya diatur oleh Keputusan Rektor.;9-Perubahan-atas-Peraturan-Rektor-Nomor-8-Tahun-2024-tentang-Penyelenggaraan-Pendidikan-Universitas-Riau.pdf:p11;all;factoid;medium;yes
Q160;Berapa minggu perkuliahan efektif dalam satu semester?;Minimal 14 minggu perkuliahan efektif, tidak termasuk 2 minggu kegiatan evaluasi penilaian.;9-Perubahan-atas-Peraturan-Rektor-Nomor-8-Tahun-2024-tentang-Penyelenggaraan-Pendidikan-Universitas-Riau.pdf:p12;all;factoid;medium;yes
Q161;Satu semester dimulai dan diakhiri dengan kegiatan apa?;Dimulai dengan pembayaran UKT atau SPP dan diakhiri dengan proses input nilai.;9-Perubahan-atas-Peraturan-Rektor-Nomor-8-Tahun-2024-tentang-Penyelenggaraan-Pendidikan-Universitas-Riau.pdf:p12;all;factoid;easy;yes
Q162;Berapa SKS yang harus ditempuh untuk lulus D3?;108-120 SKS.;9-Perubahan-atas-Peraturan-Rektor-Nomor-8-Tahun-2024-tentang-Penyelenggaraan-Pendidikan-Universitas-Riau.pdf:p12;all;factoid;easy;yes
Q163;Berapa total SKS yang harus ditempuh untuk lulus S1?;144-160 SKS.;9-Perubahan-atas-Peraturan-Rektor-Nomor-8-Tahun-2024-tentang-Penyelenggaraan-Pendidikan-Universitas-Riau.pdf:p12;all;factoid;easy;yes
Q164;Berapa SKS beban studi S2 dan S3?;Beban studi Program Magister adalah 54-56 SKS dan Program Doktor adalah 80-88 SKS.;9-Perubahan-atas-Peraturan-Rektor-Nomor-8-Tahun-2024-tentang-Penyelenggaraan-Pendidikan-Universitas-Riau.pdf:p12;all;factoid;medium;yes
Q165;Berapa SKS minimal untuk program profesi dan dokter spesialis?;Program Profesi minimal 36 SKS, Program Profesi Dokter Spesialis minimal 126 SKS, dan Program Profesi Dokter Sub Spesialis minimal 72 SKS.;9-Perubahan-atas-Peraturan-Rektor-Nomor-8-Tahun-2024-tentang-Penyelenggaraan-Pendidikan-Universitas-Riau.pdf:p12;all;factoid;hard;yes
Q166;Maksimal berapa SKS yang boleh diambil per semester?;Maksimal 24 SKS untuk Program Diploma Empat atau Sarjana dan 18 SKS untuk Program Magister atau Doktor.;9-Perubahan-atas-Peraturan-Rektor-Nomor-8-Tahun-2024-tentang-Penyelenggaraan-Pendidikan-Universitas-Riau.pdf:p12;all;factoid;medium;yes
Q167;Jatah SKS semester depan ditentukan dari IPS semester mana?;Semester Ganjil ditentukan oleh IPS pada Semester Genap sebelumnya dan Semester Genap ditentukan oleh IPS pada Semester Ganjil sebelumnya.;9-Perubahan-atas-Peraturan-Rektor-Nomor-8-Tahun-2024-tentang-Penyelenggaraan-Pendidikan-Universitas-Riau.pdf:p13|pertor_3_2015_Peraturan-Akademik.pdf:p8;any;factoid;medium;yes
Q168;Siapa yang menentukan jumlah SKS yang diakui untuk mahasiswa RPL?;Tim assesment RPL sesuai ketentuan yang berlaku.;9-Perubahan-atas-Peraturan-Rektor-Nomor-8-Tahun-2024-tentang-Penyelenggaraan-Pendidikan-Universitas-Riau.pdf:p13;all;factoid;medium;yes
Q169;Skripsi bobotnya berapa SKS?;4-8 SKS.;9-Perubahan-atas-Peraturan-Rektor-Nomor-8-Tahun-2024-tentang-Penyelenggaraan-Pendidikan-Universitas-Riau.pdf:p14;all;factoid;easy;yes
Q170;Mata kuliah yang ditawarkan tiap semester harus terdaftar di mana?;Sistem Informasi Akademik Terpadu SATU UNRI.;9-Perubahan-atas-Peraturan-Rektor-Nomor-8-Tahun-2024-tentang-Penyelenggaraan-Pendidikan-Universitas-Riau.pdf:p14;all;factoid;easy;yes
Q171;Berapa nilai minimal kelulusan pada evaluasi akhir masa studi S2 dan S3?;Nilai C untuk Program Magister dan nilai B untuk Program Pendidikan Dokter Spesialis, Sub Spesialis dan Program Doktor.;9-Perubahan-atas-Peraturan-Rektor-Nomor-8-Tahun-2024-tentang-Penyelenggaraan-Pendidikan-Universitas-Riau.pdf:p14;all;factoid;medium;yes
Q172;Kalau saya mengulang mata kuliah, nilai mana yang dipakai untuk IPK?;Nilai tertinggi yang pernah diperoleh.;9-Perubahan-atas-Peraturan-Rektor-Nomor-8-Tahun-2024-tentang-Penyelenggaraan-Pendidikan-Universitas-Riau.pdf:p14;all;factoid;easy;yes
Q173;Berapa kali saya boleh mengulang satu mata kuliah dan maksimal dapat nilai apa?;Maksimal 2 kali, dan nilai mata kuliah yang boleh diulang maksimal B untuk Program Sarjana, Magister, dan Doktor.;9-Perubahan-atas-Peraturan-Rektor-Nomor-8-Tahun-2024-tentang-Penyelenggaraan-Pendidikan-Universitas-Riau.pdf:p15;all;factoid;medium;yes
Q174;Berapa skor TOEFL minimal supaya saya bisa ikut ujian skripsi?;Skor minimal 450 yang dikeluarkan oleh Unit Penunjang Akademik Bahasa (UPA Bahasa).;9-Perubahan-atas-Peraturan-Rektor-Nomor-8-Tahun-2024-tentang-Penyelenggaraan-Pendidikan-Universitas-Riau.pdf:p16;all;factoid;medium;yes
Q175;Apa syarat TOEFL dan publikasi untuk bisa ikut ujian tesis?;Skor TOEFL minimal 475 dan telah mempublikasikan artikel ilmiah berdasarkan tesisnya minimal di jurnal ilmiah terindeks Sinta 4.;9-Perubahan-atas-Peraturan-Rektor-Nomor-8-Tahun-2024-tentang-Penyelenggaraan-Pendidikan-Universitas-Riau.pdf:p16;all;factoid;hard;yes
Q176;Apa syarat IPK, TOEFL, dan TPA untuk bisa ikut ujian disertasi?;IPK minimal 3,25, skor TOEFL minimal 500, dan nilai Tes Potensi Akademik (TPA) minimal 450.;9-Perubahan-atas-Peraturan-Rektor-Nomor-8-Tahun-2024-tentang-Penyelenggaraan-Pendidikan-Universitas-Riau.pdf:p17;all;factoid;hard;yes
Q177;Berapa orang penguji ujian disertasi dan berapa lama ujiannya?;Minimum 7 orang dan maksimum 9 orang, dalam waktu paling singkat 90 menit dan paling lama 120 menit.;9-Perubahan-atas-Peraturan-Rektor-Nomor-8-Tahun-2024-tentang-Penyelenggaraan-Pendidikan-Universitas-Riau.pdf:p18;all;factoid;hard;yes
Q178;Kalau saya tidak lulus ujian tugas akhir, berapa kali bisa mengulang?;Sebanyak 2 kali, dan jika dinyatakan tetap tidak lulus maka mahasiswa dinyatakan putus studi atau drop out.;9-Perubahan-atas-Peraturan-Rektor-Nomor-8-Tahun-2024-tentang-Penyelenggaraan-Pendidikan-Universitas-Riau.pdf:p18;all;factoid;medium;yes
Q179;Satu dosen Penasihat Akademik maksimal membimbing berapa mahasiswa?;Maksimum 24 orang per tahun akademik atau disesuaikan dengan kondisi Fakultas.;9-Perubahan-atas-Peraturan-Rektor-Nomor-8-Tahun-2024-tentang-Penyelenggaraan-Pendidikan-Universitas-Riau.pdf:p20;all;factoid;medium;yes
Q180;Berapa lama masa bimbingan tugas akhir?;Selama 6 bulan dan dapat diperpanjang menjadi 1 tahun.;9-Perubahan-atas-Peraturan-Rektor-Nomor-8-Tahun-2024-tentang-Penyelenggaraan-Pendidikan-Universitas-Riau.pdf:p21|pertor_3_2015_Peraturan-Akademik.pdf:p27;any;factoid;medium;yes
Q181;Berapa orang pembimbing tugas akhir untuk program doktor dan D3?;3 orang untuk Program Doktor dan 1 orang dosen untuk Program Diploma Tiga.;9-Perubahan-atas-Peraturan-Rektor-Nomor-8-Tahun-2024-tentang-Penyelenggaraan-Pendidikan-Universitas-Riau.pdf:p21|pertor_3_2015_Peraturan-Akademik.pdf:p27;any;factoid;medium;yes
Q182;Apa syarat praktisi dari luar kampus untuk bisa menguji tesis dan disertasi?;Bersedia ditunjuk sebagai penguji, minimal berpendidikan magister atau strata 2 atau Spesialis Satu (Sp1), memiliki pengalaman minimal 5 tahun pada bidang keahlian terkait, dan mendapatkan izin dari instansi yang bersangkutan.;9-Perubahan-atas-Peraturan-Rektor-Nomor-8-Tahun-2024-tentang-Penyelenggaraan-Pendidikan-Universitas-Riau.pdf:p23;all;list;hard;yes
Q183;Berapa lama dosen harus menginput nilai setelah ujian selesai?;Paling lambat 9 hari kerja setelah pelaksanaan ujian berakhir.;9-Perubahan-atas-Peraturan-Rektor-Nomor-8-Tahun-2024-tentang-Penyelenggaraan-Pendidikan-Universitas-Riau.pdf:p24|pertor_3_2015_Peraturan-Akademik.pdf:p32;any;factoid;medium;yes
Q184;Kalau dosen telat menginput nilai, apa yang dilakukan fakultas?;Fakultas dapat memberikan nilai B.;9-Perubahan-atas-Peraturan-Rektor-Nomor-8-Tahun-2024-tentang-Penyelenggaraan-Pendidikan-Universitas-Riau.pdf:p24;all;factoid;medium;yes
Q185;Kalau ada kesalahan nilai, berapa lama batas waktu mengajukan perubahan?;Selambat-lambatnya 6 hari kerja setelah nilai diserahkan, menggunakan formulir yang telah ditentukan dengan memberikan alasan tertulis yang wajar dan dapat diterima.;9-Perubahan-atas-Peraturan-Rektor-Nomor-8-Tahun-2024-tentang-Penyelenggaraan-Pendidikan-Universitas-Riau.pdf:p24;all;factoid;hard;yes
Q186;Siapa yang mengesahkan perubahan nilai mata kuliah?;Wakil Dekan Bidang Akademik, setelah diusulkan oleh dosen yang bersangkutan kepada Ketua Jurusan, Ketua Bagian, atau Koordinator Program Studi.;9-Perubahan-atas-Peraturan-Rektor-Nomor-8-Tahun-2024-tentang-Penyelenggaraan-Pendidikan-Universitas-Riau.pdf:p24;all;factoid;medium;yes
Q187;Dalam kondisi apa Penasihat Akademik bisa diganti?;Apabila sakit atau berhalangan tetap, mendapat tugas belajar, pindah tugas, mengundurkan diri dengan alasan yang dapat diterima, dan lalai melaksanakan tugas sebagai Penasihat Akademik.;9-Perubahan-atas-Peraturan-Rektor-Nomor-8-Tahun-2024-tentang-Penyelenggaraan-Pendidikan-Universitas-Riau.pdf:p21;all;list;medium;yes
Q188;Berapa kali minimal saya harus konsultasi dengan Penasihat Akademik dalam satu semester?;Minimal empat kali dalam satu semester, yaitu pada awal semester, sebelum UTS, setelah UTS dan sebelum UAS.;9-Perubahan-atas-Peraturan-Rektor-Nomor-8-Tahun-2024-tentang-Penyelenggaraan-Pendidikan-Universitas-Riau.pdf:p20|pertor_3_2015_Peraturan-Akademik.pdf:p26;any;factoid;medium;yes
Q189;Berapa orang penguji ujian skripsi dan berapa lama ujiannya?;Anggota berjumlah minimum 3 orang dan maksimum 5 orang, dalam waktu paling singkat 60 menit dan paling lama 90 menit.;9-Perubahan-atas-Peraturan-Rektor-Nomor-8-Tahun-2024-tentang-Penyelenggaraan-Pendidikan-Universitas-Riau.pdf:p18;all;factoid;hard;yes
Q190;Berapa orang penguji ujian tesis dan berapa lama ujiannya?;Jumlah penguji minimum 3 orang dan maksimum 6 orang, dalam waktu paling singkat 90 menit dan paling lama 120 menit.;9-Perubahan-atas-Peraturan-Rektor-Nomor-8-Tahun-2024-tentang-Penyelenggaraan-Pendidikan-Universitas-Riau.pdf:p18;all;factoid;hard;yes
Q191;Apa saja yang dinilai saat ujian tugas akhir?;Originalitas dan sumbangan terhadap bidang ilmunya dan/atau nilai penerapannya, ketepatan metodologi dan pendekatan penelitian, kedalaman penalaran, dan penguasaan dasar teori, serta kecanggihan dan sistematika pemikiran serta kecermatan perumusan masalah, batasan penelitian, dan kesimpulan.;9-Perubahan-atas-Peraturan-Rektor-Nomor-8-Tahun-2024-tentang-Penyelenggaraan-Pendidikan-Universitas-Riau.pdf:p18|pertor_3_2015_Peraturan-Akademik.pdf:p20;any;list;hard;yes
Q192;Aturan mana yang mengatur penerbitan ijazah dan transkrip di UNRI?;Peraturan Rektor Universitas Riau Nomor 5 Tahun 2025.;5-Penerbitan-Ijazah-Transkrip-Akademik-Sertifikat-Profesi-dan-Surat-Keterangan-Pendamping-Ijazah.pdf:p0;all;factoid;easy;yes
Q193;Kapan aturan penerbitan ijazah UNRI ditetapkan?;Ditetapkan di Pekanbaru pada tanggal 28 Februari 2025.;5-Penerbitan-Ijazah-Transkrip-Akademik-Sertifikat-Profesi-dan-Surat-Keterangan-Pendamping-Ijazah.pdf:p10;all;factoid;easy;yes
Q194;Aturan penerbitan ijazah UNRI mengacu pada peraturan menteri yang mana?;Peraturan Menteri Pendidikan, Kebudayaan, Riset, dan Teknologi Nomor 50 Tahun 2024 tentang Ijazah, Sertifikat Kompetensi dan Sertifikat Profesi Jenjang Pendidikan Tinggi.;5-Penerbitan-Ijazah-Transkrip-Akademik-Sertifikat-Profesi-dan-Surat-Keterangan-Pendamping-Ijazah.pdf:p0;all;factoid;medium;yes
Q195;Aturan lama mana yang dicabut sejak terbitnya aturan penerbitan ijazah yang baru?;Peraturan Rektor Nomor 7 Tahun 2019 tanggal 2 Desember 2019 tentang Pedoman Pelaksanaan Yudisium, Penerbitan Ijazah, Transkrip Akademik, Sertifikat Profesi dan Surat Keterangan Pendamping Ijazah di Universitas Riau.;5-Penerbitan-Ijazah-Transkrip-Akademik-Sertifikat-Profesi-dan-Surat-Keterangan-Pendamping-Ijazah.pdf:p10;all;factoid;medium;yes
Q196;Mulai kapan aturan penerbitan ijazah yang baru diberlakukan?;Berlaku bagi mahasiswa yang Sertifikat Profesinya diterbitkan pada bulan Maret 2025 serta Ijazah, Transkrip Akademik dan SKPI diterbitkan pada bulan April 2025 dan seterusnya.;5-Penerbitan-Ijazah-Transkrip-Akademik-Sertifikat-Profesi-dan-Surat-Keterangan-Pendamping-Ijazah.pdf:p10;all;factoid;hard;yes
Q197;Apa yang dimaksud dengan ijazah?;Dokumen pengakuan prestasi belajar dan/atau penyelesaian suatu jenjang pendidikan tinggi setelah lulus ujian yang diselenggarakan oleh Perguruan Tinggi.;5-Penerbitan-Ijazah-Transkrip-Akademik-Sertifikat-Profesi-dan-Surat-Keterangan-Pendamping-Ijazah.pdf:p3;all;definisi;easy;yes
Q198;SKPI itu apa?;Dokumen yang memuat informasi tentang pemenuhan kompetensi lulusan dalam suatu Program Pendidikan Tinggi di UNRI.;5-Penerbitan-Ijazah-Transkrip-Akademik-Sertifikat-Profesi-dan-Surat-Keterangan-Pendamping-Ijazah.pdf:p3;all;definisi;easy;yes
Q199;Apa itu sertifikat profesi?;Dokumen pengakuan untuk melakukan praktek profesi yang diperoleh oleh lulusan profesi dalam suatu Program Pendidikan Tinggi setelah lulus Uji Kompetensi.;5-Penerbitan-Ijazah-Transkrip-Akademik-Sertifikat-Profesi-dan-Surat-Keterangan-Pendamping-Ijazah.pdf:p3;all;definisi;medium;yes
Q200;Prinsip apa yang dipegang dalam penerbitan ijazah dan transkrip?;Kehati-hatian yaitu menjaga keaslian agar tidak mudah dipalsukan, akurasi yaitu ketepatan data dan informasi, serta legalitas yaitu sesuai dengan ketentuan peraturan perundang-undangan.;5-Penerbitan-Ijazah-Transkrip-Akademik-Sertifikat-Profesi-dan-Surat-Keterangan-Pendamping-Ijazah.pdf:p4;all;list;medium;yes
Q201;Apa status hukum ijazah dan transkrip akademik?;Berstatus sebagai dokumen resmi negara yang berlaku di dalam dan di luar wilayah Negara Kesatuan Republik Indonesia.;5-Penerbitan-Ijazah-Transkrip-Akademik-Sertifikat-Profesi-dan-Surat-Keterangan-Pendamping-Ijazah.pdf:p4|2022permendikbudristek006.pdf:p4;any;factoid;medium;yes
Q202;Ijazah dan transkrip diterbitkan dalam bahasa apa?;Diterbitkan dalam Bahasa Indonesia dan dalam Bahasa Inggris.;5-Penerbitan-Ijazah-Transkrip-Akademik-Sertifikat-Profesi-dan-Surat-Keterangan-Pendamping-Ijazah.pdf:p4;all;factoid;easy;yes
Q203;SKPI diterbitkan dalam berapa bahasa?;SKPI diterbitkan dalam 1 dokumen resmi negara yang terdiri atas 2 bahasa, yakni Bahasa Indonesia dan Bahasa Inggris.;5-Penerbitan-Ijazah-Transkrip-Akademik-Sertifikat-Profesi-dan-Surat-Keterangan-Pendamping-Ijazah.pdf:p4;all;factoid;medium;yes
Q204;Berapa skor TOEFL minimal untuk lulus S1, S2, dan S3?;Skor minimal 450 bagi S1, skor minimal 500 bagi S2, dan skor minimal 550 bagi S3.;5-Penerbitan-Ijazah-Transkrip-Akademik-Sertifikat-Profesi-dan-Surat-Keterangan-Pendamping-Ijazah.pdf:p3;all;factoid;hard;yes
Q205;Apa syarat publikasi artikel untuk lulus S1, S2, dan S3?;S1 telah mengunggah artikel skripsinya minimal pada jurnal online mahasiswa atau repositori, S2 telah menerbitkan artikel tesisnya pada jurnal ilmiah nasional terindeks SINTA atau jurnal Internasional, dan S3 telah menerbitkan artikel disertasinya pada jurnal Internasional bereputasi.;5-Penerbitan-Ijazah-Transkrip-Akademik-Sertifikat-Profesi-dan-Surat-Keterangan-Pendamping-Ijazah.pdf:p3;all;list;hard;yes
Q206;Siapa yang menandatangani Surat Keterangan Lulus?;Dekan atau Direktur Program Pascasarjana, setelah mahasiswa melaksanakan ujian akhir.;5-Penerbitan-Ijazah-Transkrip-Akademik-Sertifikat-Profesi-dan-Surat-Keterangan-Pendamping-Ijazah.pdf:p3;all;factoid;medium;yes
Q207;Apa yang menjadi acuan penomoran ijazah nasional?;Surat Keputusan tentang Tanggal Berita Acara Kelulusan yang ditandatangani oleh Pimpinan Fakultas (Dekan) dan Pimpinan Pascasarjana (Direktur).;5-Penerbitan-Ijazah-Transkrip-Akademik-Sertifikat-Profesi-dan-Surat-Keterangan-Pendamping-Ijazah.pdf:p3;all;factoid;hard;yes
Q208;Siapa yang menandatangani ijazah S3 program studi multidisiplin?;Rektor dan Direktur Pascasarjana.;5-Penerbitan-Ijazah-Transkrip-Akademik-Sertifikat-Profesi-dan-Surat-Keterangan-Pendamping-Ijazah.pdf:p4;all;factoid;medium;yes
Q209;Siapa yang menandatangani ijazah S1 dan diploma?;Rektor dan Dekan.;5-Penerbitan-Ijazah-Transkrip-Akademik-Sertifikat-Profesi-dan-Surat-Keterangan-Pendamping-Ijazah.pdf:p4;all;factoid;easy;yes
Q210;Tanda tangan pada ijazah harus basah atau boleh elektronik?;Berbentuk tanda tangan basah atau tanda tangan elektronik tersertifikasi.;5-Penerbitan-Ijazah-Transkrip-Akademik-Sertifikat-Profesi-dan-Surat-Keterangan-Pendamping-Ijazah.pdf:p4;all;factoid;medium;yes
Q211;Kapan saya menerima ijazah asli?;Pada saat pelaksanaan wisuda.;5-Penerbitan-Ijazah-Transkrip-Akademik-Sertifikat-Profesi-dan-Surat-Keterangan-Pendamping-Ijazah.pdf:p5;all;factoid;easy;yes
Q212;Saya butuh ijazah tapi belum masuk SK wisuda, apa yang bisa saya dapatkan?;Hanya mendapatkan fotocopy Ijazah dan Sertifikat Profesi atau file scan Ijazah dan Sertifikat Profesi.;5-Penerbitan-Ijazah-Transkrip-Akademik-Sertifikat-Profesi-dan-Surat-Keterangan-Pendamping-Ijazah.pdf:p5;all;factoid;medium;yes
Q213;Berapa lama batas waktu mengambil ijazah setelah wisuda?;1 tahun setelah pelaksanaan prosesi Wisuda.;5-Penerbitan-Ijazah-Transkrip-Akademik-Sertifikat-Profesi-dan-Surat-Keterangan-Pendamping-Ijazah.pdf:p5;all;factoid;medium;yes
Q214;Apa saja yang tercantum di dalam ijazah?;Nomor ijazah nasional, lambang perguruan tinggi, nama perguruan tinggi, nomor pokok perguruan tinggi, program pendidikan tinggi, nama program studi, nomor pokok program studi, nama lengkap pemilik ijazah beserta singkatan gelar, tempat dan tanggal lahir, nomor induk mahasiswa, gelar yang diberikan, tanggal kelulusan, tanggal penerbitan ijazah, nama dan jabatan yang berwenang menandatangani, stempel perguruan tinggi, dan foto mahasiswa.;5-Penerbitan-Ijazah-Transkrip-Akademik-Sertifikat-Profesi-dan-Surat-Keterangan-Pendamping-Ijazah.pdf:p5;all;list;hard;yes
Q215;Ijazah ditandatangani dengan tinta warna apa?;Tinta biru tua.;5-Penerbitan-Ijazah-Transkrip-Akademik-Sertifikat-Profesi-dan-Surat-Keterangan-Pendamping-Ijazah.pdf:p5;all;factoid;easy;yes
Q216;Berapa ukuran dan warna latar pas foto untuk ijazah?;Berukuran 3 x 4 cm, berwarna dengan latar belakang merah dan wajah muka tampak jelas.;5-Penerbitan-Ijazah-Transkrip-Akademik-Sertifikat-Profesi-dan-Surat-Keterangan-Pendamping-Ijazah.pdf:p6;all;factoid;medium;yes
Q217;Apakah ijazah versi bahasa Inggris memakai foto?;Tidak. Ijazah dan Sertifikat Profesi dalam versi Bahasa Inggris diterbitkan tanpa foto.;5-Penerbitan-Ijazah-Transkrip-Akademik-Sertifikat-Profesi-dan-Surat-Keterangan-Pendamping-Ijazah.pdf:p6;all;factoid;medium;yes
Q218;Untuk apa stempel Rektor dibubuhkan pada ijazah?;Sebagai tanda bahwa Ijazah dan Sertifikat Profesi sudah resmi diterbitkan, dibubuhkan setelah semua data dinyatakan sudah benar dan valid.;5-Penerbitan-Ijazah-Transkrip-Akademik-Sertifikat-Profesi-dan-Surat-Keterangan-Pendamping-Ijazah.pdf:p6;all;factoid;medium;yes
Q219;Siapa yang menandatangani transkrip akademik S1 dan diploma?;Dekan, pada bagian sudut kanan bawah dengan menggunakan tinta biru tua.;5-Penerbitan-Ijazah-Transkrip-Akademik-Sertifikat-Profesi-dan-Surat-Keterangan-Pendamping-Ijazah.pdf:p6|5-Penerbitan-Ijazah-Transkrip-Akademik-Sertifikat-Profesi-dan-Surat-Keterangan-Pendamping-Ijazah.pdf:p7;all;factoid;medium;yes
Q220;Capaian pembelajaran apa saja yang dimuat di SKPI?;Profil Lulusan, Sikap, Keterampilan Umum, Keterampilan Khusus, dan Pengetahuan.;5-Penerbitan-Ijazah-Transkrip-Akademik-Sertifikat-Profesi-dan-Surat-Keterangan-Pendamping-Ijazah.pdf:p9;all;list;medium;yes
Q221;Siapa yang memverifikasi informasi tambahan di SKPI dan lewat aplikasi apa?;Ketua Jurusan, melalui Aplikasi SATU UNRI.;5-Penerbitan-Ijazah-Transkrip-Akademik-Sertifikat-Profesi-dan-Surat-Keterangan-Pendamping-Ijazah.pdf:p9;all;factoid;medium;yes
Q222;Nama dan gelar di ijazah ditulis dengan font dan ukuran apa?;Huruf Monotype Corsiva ukuran 18.;5-Penerbitan-Ijazah-Transkrip-Akademik-Sertifikat-Profesi-dan-Surat-Keterangan-Pendamping-Ijazah.pdf:p11;all;factoid;medium;yes
Q223;Berapa kode fakultas FISIP, FEB, dan Pascasarjana untuk penomoran SKPI?;FISIP menggunakan kode 01, FEB menggunakan kode 02, dan Pascasarjana menggunakan kode 10.;5-Penerbitan-Ijazah-Transkrip-Akademik-Sertifikat-Profesi-dan-Surat-Keterangan-Pendamping-Ijazah.pdf:p46;all;factoid;hard;yes
Q224;Apa yang dimaksud dengan transkrip akademik?;Kumpulan nilai yang diperoleh mahasiswa setelah mengikuti proses belajar di UNRI dan telah dinyatakan lulus.;5-Penerbitan-Ijazah-Transkrip-Akademik-Sertifikat-Profesi-dan-Surat-Keterangan-Pendamping-Ijazah.pdf:p3;all;definisi;easy;yes
Q225;Siapa yang menandatangani transkrip akademik S3 program studi multidisiplin?;Direktur Program Pascasarjana.;5-Penerbitan-Ijazah-Transkrip-Akademik-Sertifikat-Profesi-dan-Surat-Keterangan-Pendamping-Ijazah.pdf:p6;all;factoid;medium;yes
Q226;Sertifikat profesi saya hilang, siapa yang menandatangani surat penggantinya?;Rektor dan Dekan.;5-Penerbitan-Ijazah-Transkrip-Akademik-Sertifikat-Profesi-dan-Surat-Keterangan-Pendamping-Ijazah.pdf:p7;all;factoid;medium;yes
Q227;Kapan stempel fakultas dibubuhkan pada transkrip akademik?;Setelah semua data yang dimuat pada transkrip akademik dinyatakan sudah benar, sebagai tanda bahwa Transkrip sudah resmi diterbitkan.;5-Penerbitan-Ijazah-Transkrip-Akademik-Sertifikat-Profesi-dan-Surat-Keterangan-Pendamping-Ijazah.pdf:p7;all;prosedur;medium;yes
Q228;Siapa yang menandatangani SKPI lulusan program profesi?;Dekan yang menyelenggarakan Program Profesi.;5-Penerbitan-Ijazah-Transkrip-Akademik-Sertifikat-Profesi-dan-Surat-Keterangan-Pendamping-Ijazah.pdf:p8;all;factoid;easy;yes
Q229;Pengalaman organisasi tingkat apa saja yang bisa dimasukkan ke SKPI?;Internasional, Nasional, Regional, Universitas, Fakultas, dan Prodi.;5-Penerbitan-Ijazah-Transkrip-Akademik-Sertifikat-Profesi-dan-Surat-Keterangan-Pendamping-Ijazah.pdf:p9;all;list;medium;yes
Q230;Sertifikat keahlian apa saja yang bisa dimasukkan ke SKPI?;Paten, HKI (Hak Kekayaan Intelektual), dan LPJK (Lembaga Pengembangan Jasa Konstruksi).;5-Penerbitan-Ijazah-Transkrip-Akademik-Sertifikat-Profesi-dan-Surat-Keterangan-Pendamping-Ijazah.pdf:p9;all;list;medium;yes
Q231;IPK di transkrip ditulis dengan berapa angka di belakang koma?;2 angka desimal di belakang koma.;5-Penerbitan-Ijazah-Transkrip-Akademik-Sertifikat-Profesi-dan-Surat-Keterangan-Pendamping-Ijazah.pdf:p27;all;factoid;medium;yes
Q232;Nomor SKPI ditulis dengan font dan ukuran apa?;Huruf Times New Roman ukuran 12.;5-Penerbitan-Ijazah-Transkrip-Akademik-Sertifikat-Profesi-dan-Surat-Keterangan-Pendamping-Ijazah.pdf:p46;all;factoid;medium;yes
Q233;Masa studi S2 reguler maksimal berapa lama, dan berapa target waktu total lewat jalur fast track?;Peraturan Rektor Nomor 9 Tahun 2025 menetapkan masa studi Program Magister maksimal 4 tahun akademik atau 8 semester, sedangkan program Fast Track menargetkan penyelesaian Sarjana dan Magister dalam waktu maksimum 5 tahun secara total.;9-Perubahan-atas-Peraturan-Rektor-Nomor-8-Tahun-2024-tentang-Penyelenggaraan-Pendidikan-Universitas-Riau.pdf:p11|8-Fast-Track.pdf:p11;all;multi-hop;hard;yes
Q234;Berapa IPK minimal untuk masuk fast track, dan berapa IPK minimal untuk lulus S2 reguler?;Program Fast Track mensyaratkan IPK minimal 3,50, sedangkan kelulusan Program Magister reguler mensyaratkan IPK minimal 3,00.;8-Fast-Track.pdf:p12|9-Perubahan-atas-Peraturan-Rektor-Nomor-8-Tahun-2024-tentang-Penyelenggaraan-Pendidikan-Universitas-Riau.pdf:p19;all;multi-hop;hard;yes
Q235;Berapa skor TOEFL minimal untuk ujian akhir S1 dan untuk syarat penerbitan ijazahnya?;Keduanya menetapkan skor TOEFL minimal 450 bagi lulusan Program Sarjana.;9-Perubahan-atas-Peraturan-Rektor-Nomor-8-Tahun-2024-tentang-Penyelenggaraan-Pendidikan-Universitas-Riau.pdf:p16|5-Penerbitan-Ijazah-Transkrip-Akademik-Sertifikat-Profesi-dan-Surat-Keterangan-Pendamping-Ijazah.pdf:p3;all;multi-hop;hard;yes
Q236;Integritas akademik dijelaskan berbeda di aturan penggunaan AI dan di aturan karya ilmiah, apa bedanya?;Peraturan Rektor Nomor 4 Tahun 2025 mendefinisikan Integritas Akademik sebagai komitmen dalam bentuk perbuatan berdasarkan nilai-nilai luhur dalam melaksanakan kegiatan tridharma perguruan tinggi, sedangkan Peraturan Rektor Nomor 7 Tahun 2025 mendefinisikannya sebagai komitmen dalam bentuk perbuatan berdasarkan nilai-nilai luhur dalam menghasilkan karya ilmiah.;4-Penggunaan-AI-dalam-Kegiatan-Belajar-Mengajar.pdf:p4|7-Integritas-Akademik-dalam-Menghasilkan-Karya-Ilmiah.pdf:p1;all;multi-hop;hard;yes
Q237;Mahasiswa yang memakai AI melewati batas lalu terbukti plagiat bisa kena sanksi apa?;Peraturan Rektor Nomor 4 Tahun 2025 menyerahkan prosedur dan penjatuhan sanksi pada peraturan perundang-undangan yang berlaku, sedangkan Peraturan Rektor Nomor 7 Tahun 2025 mengatur sanksi administratif bagi mahasiswa berupa pengurangan nilai karya ilmiah hingga pemberhentian status mahasiswa dan pembatalan ijazah.;4-Penggunaan-AI-dalam-Kegiatan-Belajar-Mengajar.pdf:p7|7-Integritas-Akademik-dalam-Menghasilkan-Karya-Ilmiah.pdf:p10;all;multi-hop;hard;yes
Q238;Beban studi S2 reguler berapa SKS, dan berapa yang harus diambil mahasiswa fast track?;Peraturan Rektor Nomor 9 Tahun 2025 menetapkan beban studi Program Magister 54-56 SKS, sedangkan mahasiswa Fast Track harus mengambil setidaknya 54 SKS.;9-Perubahan-atas-Peraturan-Rektor-Nomor-8-Tahun-2024-tentang-Penyelenggaraan-Pendidikan-Universitas-Riau.pdf:p12|8-Fast-Track.pdf:p12;all;multi-hop;hard;yes
Q239;Untuk S3 multidisiplin, siapa yang menandatangani ijazahnya dan siapa yang memimpin ujian terbukanya?;Ijazah ditandatangani oleh Rektor dan Direktur Pascasarjana, sedangkan ujian terbuka tugas akhir Program Doktor multidisiplin dipimpin oleh Rektor atau yang ditugaskan.;5-Penerbitan-Ijazah-Transkrip-Akademik-Sertifikat-Profesi-dan-Surat-Keterangan-Pendamping-Ijazah.pdf:p4|9-Perubahan-atas-Peraturan-Rektor-Nomor-8-Tahun-2024-tentang-Penyelenggaraan-Pendidikan-Universitas-Riau.pdf:p18;all;multi-hop;hard;yes
Q240;Apa syarat publikasi untuk bisa ikut ujian tesis dan apa syarat publikasi untuk penerbitan ijazah S2?;Peraturan Rektor Nomor 9 Tahun 2025 mensyaratkan publikasi artikel minimal di jurnal ilmiah terindeks Sinta 4, sedangkan Peraturan Rektor Nomor 5 Tahun 2025 mensyaratkan penerbitan artikel tesis pada jurnal ilmiah nasional terindeks SINTA atau jurnal Internasional.;9-Perubahan-atas-Peraturan-Rektor-Nomor-8-Tahun-2024-tentang-Penyelenggaraan-Pendidikan-Universitas-Riau.pdf:p16|5-Penerbitan-Ijazah-Transkrip-Akademik-Sertifikat-Profesi-dan-Surat-Keterangan-Pendamping-Ijazah.pdf:p3;all;multi-hop;hard;yes
Q241;Apa saja pelanggaran integritas akademik dan penggunaan AI seperti apa yang dilarang di UNRI?;Jenis pelanggaran integritas akademik meliputi fabrikasi, falsifikasi, plagiat, kepengarangan yang tidak sah, konflik kepentingan, dan pengajuan jamak, sedangkan penggunaan AI dilarang bila mengambil hasil Generative AI tanpa atribusi dan transparansi serta bila menggantikan sepenuhnya peran dosen, mahasiswa, atau tenaga kependidikan.;7-Integritas-Akademik-dalam-Menghasilkan-Karya-Ilmiah.pdf:p5|4-Penggunaan-AI-dalam-Kegiatan-Belajar-Mengajar.pdf:p5;all;multi-hop;hard;yes
Q242;Masa studi maksimal S1 di pedoman akademik lama dan di aturan terbaru sama atau berbeda?;Keduanya menetapkan masa studi maksimal 6 tahun akademik atau 12 semester, namun Peraturan Rektor Nomor 9 Tahun 2025 menambahkan kemungkinan perpanjangan selama 2 semester dengan surat permohonan dari Fakultas.;pertor_4_2021.pdf:p13|9-Perubahan-atas-Peraturan-Rektor-Nomor-8-Tahun-2024-tentang-Penyelenggaraan-Pendidikan-Universitas-Riau.pdf:p11;all;multi-hop;hard;yes
Q243;Berapa UKT S1 Fakultas Teknik UNRI tahun 2025?;Informasi tersebut tidak tersedia dalam dokumen.;;all;unanswerable;hard;no
Q244;Siapa Dekan Fakultas Hukum Universitas Riau sekarang?;Informasi tersebut tidak tersedia dalam dokumen.;;all;unanswerable;hard;no
Q245;Setiap tahun berapa mahasiswa yang diterima di program fast track?;Informasi tersebut tidak tersedia dalam dokumen.;;all;unanswerable;hard;no
Q246;Software deteksi AI yang dipakai UNRI namanya apa?;Informasi tersebut tidak tersedia dalam dokumen.;;all;unanswerable;hard;no
Q247;Berapa biaya mengurus surat pengganti ijazah yang hilang?;Informasi tersebut tidak tersedia dalam dokumen.;;all;unanswerable;hard;no
Q248;Kapan jadwal wisuda UNRI tahun 2026?;Informasi tersebut tidak tersedia dalam dokumen.;;all;unanswerable;hard;no
Q249;Berapa kuota SNBP di UNRI?;Informasi tersebut tidak tersedia dalam dokumen.;;all;unanswerable;hard;no
Q250;Berapa prodi UNRI yang terakreditasi Unggul?;Informasi tersebut tidak tersedia dalam dokumen.;;all;unanswerable;hard;no
Q251;Apakah UNRI punya aturan tentang penyetaraan kredit akademik internasional?;Ada, yaitu Peraturan Rektor Universitas Riau Nomor 2 Tahun 2025 tentang Penyetaraan Kredit Akademik Internasional Program Sarjana dan Pascasarjana di Universitas Riau.;2-Penyetaraan-Kredit-Internasional.pdf:p0|2-Penyetaraan-Kredit-Internasional.pdf:p7;any;factoid;easy;yes
Q252;Kapan aturan penyetaraan kredit akademik internasional ditetapkan?;Ditetapkan di Pekanbaru pada tanggal 2 Januari 2025.;2-Penyetaraan-Kredit-Internasional.pdf:p6|2-Penyetaraan-Kredit-Internasional.pdf:p13;any;factoid;easy;yes
Q253;Apa itu ECTS?;Sistem transfer kredit dari European Higher Education Area (EHEA) untuk membuat studi dan kursus menjadi lebih transparan dalam rangka meningkatkan kualitas pendidikan tinggi di Eropa.;2-Penyetaraan-Kredit-Internasional.pdf:p2|2-Penyetaraan-Kredit-Internasional.pdf:p9;any;definisi;medium;yes
Q254;Satu kredit ECTS setara berapa SKS?;Satu kredit pada ECTS setara dengan 1,6 SKS dan setara dengan 25 sampai dengan 30 jam belajar.;2-Penyetaraan-Kredit-Internasional.pdf:p3|2-Penyetaraan-Kredit-Internasional.pdf:p10;any;factoid;medium;yes
Q255;Program Sarjana 144 SKS setara berapa ECTS?;144 SKS setara dengan 230,4 ECTS.;2-Penyetaraan-Kredit-Internasional.pdf:p3|2-Penyetaraan-Kredit-Internasional.pdf:p10;any;factoid;medium;yes
Q256;Berapa beban ECTS untuk Program Magister?;Kegiatan kurikuler minimal 38 SKS, setara dengan beban sebesar 60,8 ECTS.;2-Penyetaraan-Kredit-Internasional.pdf:p4|2-Penyetaraan-Kredit-Internasional.pdf:p11;any;factoid;medium;yes
Q257;Berapa beban ECTS untuk Program Doktor?;Kegiatan kurikuler minimal 44 SKS, setara dengan beban sebesar 70,4 ECTS.;2-Penyetaraan-Kredit-Internasional.pdf:p4|2-Penyetaraan-Kredit-Internasional.pdf:p11;any;factoid;medium;yes
Q258;Satu SKS setara berapa jam dalam perhitungan konversi ECTS?;1 SKS setara 170 menit per minggu per semester, dikalikan 14 minggu menjadi 2.380 menit atau sekitar 39,7 jam.;2-Penyetaraan-Kredit-Internasional.pdf:p3|2-Penyetaraan-Kredit-Internasional.pdf:p10;any;factoid;hard;yes
Q259;Berapa jam belajar yang ditetapkan sebagai standar minimum untuk 1 ECTS?;Ditetapkan 1 ECTS sama dengan 25 jam sebagai standar minimum.;2-Penyetaraan-Kredit-Internasional.pdf:p3|2-Penyetaraan-Kredit-Internasional.pdf:p10;any;factoid;medium;yes
Q260;Nilai ECTS A setara dengan nilai apa di UNRI?;Setara dengan nilai mutu A dan nilai angka 4.00 dengan sebutan mutu Sangat Baik.;2-Penyetaraan-Kredit-Internasional.pdf:p5|2-Penyetaraan-Kredit-Internasional.pdf:p12;any;factoid;medium;yes
Q261;Nilai ECTS FX setara dengan nilai apa di UNRI?;Setara dengan nilai mutu D dan nilai angka 1.00 dengan sebutan mutu Kurang.;2-Penyetaraan-Kredit-Internasional.pdf:p5|2-Penyetaraan-Kredit-Internasional.pdf:p12;any;factoid;hard;yes
Q262;Bagaimana kalau perguruan tinggi luar negeri tidak memakai sistem ECTS?;Untuk perguruan tinggi luar negeri yang tidak menggunakan ECTS dapat dikonversi menggunakan ECTS.;2-Penyetaraan-Kredit-Internasional.pdf:p5|2-Penyetaraan-Kredit-Internasional.pdf:p12;any;prosedur;medium;yes
Q263;Apa yang dimaksud dengan Capaian Pembelajaran Lulusan?;Kemampuan yang dimiliki oleh setiap lulusan Program Studi yang merupakan internalisasi dari sikap, penguasaan pengetahuan, dan keterampilan sesuai dengan jenjang program studinya yang diperoleh melalui proses pembelajaran.;2-Penyetaraan-Kredit-Internasional.pdf:p2|2-Penyetaraan-Kredit-Internasional.pdf:p9;any;definisi;hard;yes
Q264;Kapan periode semester ganjil tahun akademik 2025/2026?;Mulai 04 Agustus 2025 sampai 23 Januari 2026.;Kalender-Akademik-2025.pdf:p2;all;factoid;medium;yes
Q265;Kapan kalender akademik 2025/2026 ditetapkan?;Ditetapkan di Pekanbaru pada tanggal 24 Maret 2025.;Kalender-Akademik-2025.pdf:p1;all;factoid;easy;yes
Q266;Kapan pelaksanaan PKKMB mahasiswa baru tahun akademik 2025/2026?;Pengenalan Kehidupan Kampus Mahasiswa Baru (PKKMB) dan Kuliah Umum dilaksanakan 30 Juli 2025 sampai 01 Agustus 2025.;Kalender-Akademik-2025.pdf:p3;all;factoid;medium;yes
Q267;Kapan Ujian Tengah Semester pada semester ganjil 2025/2026?;29 September 2025 sampai 03 Oktober 2025.;Kalender-Akademik-2025.pdf:p4;all;factoid;medium;yes
Q268;Kapan Ujian Akhir Semester pada semester ganjil 2025/2026?;01 Desember 2025 sampai 05 Desember 2025.;Kalender-Akademik-2025.pdf:p4;all;factoid;medium;yes
Q269;Kapan minggu tenang pada semester ganjil 2025/2026?;24 November 2025 sampai 28 November 2025.;Kalender-Akademik-2025.pdf:p4;all;factoid;medium;yes
Q270;Kapan wisuda ke-124 dilaksanakan?;01 Oktober 2025 sampai 02 Oktober 2025.;Kalender-Akademik-2025.pdf:p4;all;factoid;medium;yes
Q271;Kapan wisuda ke-125 dan ke-126 dilaksanakan?;Wisuda ke-125 pada 24 sampai 25 Februari 2026 dan wisuda ke-126 pada 19 sampai 20 Mei 2026.;Kalender-Akademik-2025.pdf:p5;all;factoid;hard;yes
Q272;Sampai kapan saya bisa mengajukan cuti akademik untuk semester ganjil?;Masa pengajuan permohonan cuti akademik 01 Juli 2025 sampai 24 Agustus 2025.;Kalender-Akademik-2025.pdf:p3;all;factoid;medium;yes
Q273;Kapan periode semester pendek tahun akademik 2025/2026?;16 Juni 2025 sampai 31 Juli 2025.;Kalender-Akademik-2025.pdf:p4;all;factoid;medium;yes
Q274;Siapa saja yang terikat kalender akademik Universitas Riau?;Berlaku bagi seluruh mahasiswa dan semua unit lembaga di lingkungan Universitas Riau.;Kalender-Akademik-2025.pdf:p1;all;factoid;medium;yes
Q275;Kapan Dies Natalis Universitas Riau?;03 Oktober 2026.;Kalender-Akademik-2025.pdf:p6;all;factoid;easy;yes
Q276;Apakah UNRI punya aturan khusus tentang MBKM?;Ada, yaitu Peraturan Rektor Universitas Riau Nomor 9 Tahun 2021 tentang Penyelenggaraan Merdeka Belajar - Kampus Merdeka Universitas Riau.;pertor_9_2021_MBKM.pdf:p0;all;factoid;easy;yes
Q277;Kapan aturan MBKM Universitas Riau ditetapkan?;Ditetapkan di Pekanbaru pada tanggal 2 Juni 2021.;pertor_9_2021_MBKM.pdf:p16;all;factoid;easy;yes
Q278;Siapa Rektor yang menandatangani aturan MBKM Universitas Riau?;Aras Mulyadi.;pertor_9_2021_MBKM.pdf:p16;all;factoid;easy;yes
Q279;Apa itu Kampus Merdeka?;Kampus yang memberikan kesempatan bagi mahasiswa untuk memilih mata kuliah yang akan mereka ambil dan telah ditentukan oleh Program Studi.;pertor_9_2021_MBKM.pdf:p3;all;definisi;medium;yes
Q280;Apa itu MBKM?;Program yang memberikan kesempatan kepada mahasiswa untuk mendapatkan pengalaman belajar yang lebih luas dan kompetensi baru melalui beberapa kegiatan pembelajaran di luar Program Studinya.;pertor_9_2021_MBKM.pdf:p3;all;definisi;medium;yes
Q281;Apa itu Kemerdekaan Belajar?;Memberi kebebasan hak otonomi kepada lembaga pendidikan dan merdeka dari birokratisasi, dosen dibebaskan dari birokrasi yang berbelit serta mahasiswa diberikan kebebasan untuk memilih bidang yang mereka sukai.;pertor_9_2021_MBKM.pdf:p3;all;definisi;hard;yes
Q282;Apa tujuan program MBKM?;Meningkatkan kompetensi lulusan baik soft skills maupun hard skills agar lebih siap dan relevan dengan kebutuhan zaman, serta menyiapkan lulusan sebagai pemimpin masa depan bangsa yang unggul dan berkepribadian.;pertor_9_2021_MBKM.pdf:p6;all;factoid;medium;yes
Q283;Berapa maksimal SKS yang bisa saya ambil di program studi lain dalam UNRI?;Maksimum 1 semester atau setara maksimum 20 SKS.;pertor_9_2021_MBKM.pdf:p7;all;factoid;medium;yes
Q284;Berapa maksimal SKS yang bisa saya ambil di luar UNRI?;Maksimum 2 semester atau setara maksimum 40 SKS.;pertor_9_2021_MBKM.pdf:p7;all;factoid;medium;yes
Q285;Apa saja bentuk program MBKM?;Pertukaran mahasiswa merdeka, magang bersertifikat, asistensi mengajar di satuan pendidikan, penelitian atau riset, proyek kemanusiaan, kegiatan kewirausahaan, studi atau proyek independen, membangun desa atau Kuliah Kerja Nyata Tematik, dan Indonesian International Student Mobility Awards.;pertor_9_2021_MBKM.pdf:p10|pertor_9_2021_MBKM.pdf:p11;all;list;hard;yes
Q286;Mulai semester berapa mahasiswa dapat mengikuti program MBKM?;Mulai semester 5, setelah menempuh pembelajaran di Program Studi selama 4 semester yaitu semester 1 hingga semester 4.;pertor_9_2021_MBKM.pdf:p12;all;factoid;medium;yes
Q287;Berapa SKS yang diakui untuk setiap kegiatan MBKM?;Setiap kegiatan MBKM diakui 20 SKS, kecuali kegiatan pertukaran mahasiswa yang diakui sesuai dengan jumlah SKS yang diambil.;pertor_9_2021_MBKM.pdf:p13;all;factoid;medium;yes
Q288;Berapa bobot Mata Kuliah Wajib Umum dalam kurikulum MBKM UNRI?;8 SKS, terdiri atas Pendidikan Agama 2 SKS, Pendidikan Pancasila 2 SKS, Bahasa Indonesia 2 SKS, dan Pendidikan Kewarganegaraan 2 SKS.;pertor_9_2021_MBKM.pdf:p12;all;list;hard;yes
Q289;Berapa bobot Mata Kuliah Universitas dalam kurikulum MBKM UNRI?;12 SKS, terdiri atas Ilmu Lingkungan dan Mitigasi Bencana 2 SKS, Budaya Melayu 2 SKS, Kewirausahaan 2 SKS, Literasi Digital 1 SKS, Bahasa Inggris 1 SKS, dan Kukerta 4 SKS.;pertor_9_2021_MBKM.pdf:p12;all;list;hard;yes
Q290;Berapa bobot minimum mata kuliah Program Studi dalam kurikulum MBKM?;Minimum 50 SKS.;pertor_9_2021_MBKM.pdf:p13;all;factoid;easy;yes
Q291;Berapa bobot maksimum mata kuliah Fakultas dalam kurikulum MBKM?;Maksimum 14 SKS.;pertor_9_2021_MBKM.pdf:p12;all;factoid;easy;yes
Q292;Siapa yang menanggung biaya hidup mahasiswa selama mengikuti MBKM di perguruan tinggi lain?;Biaya hidup mahasiswa di Perguruan Tinggi tempat MBKM dilaksanakan ditanggung mahasiswa bersangkutan.;pertor_9_2021_MBKM.pdf:p14;all;factoid;medium;yes
Q293;Di mana saya membayar UKT saat mengikuti pertukaran mahasiswa yang setara?;Pembayaran biaya penyelenggaraan pendidikan dalam bentuk Uang Kuliah Tunggal dilakukan di Perguruan Tinggi tempat mahasiswa terdaftar.;pertor_9_2021_MBKM.pdf:p14;all;prosedur;medium;yes
Q294;Apa saja prinsip penilaian dalam pelaksanaan MBKM?;Edukatif, otentik, objektif, akuntabel, dan transparan yang dilakukan secara terintegrasi.;pertor_9_2021_MBKM.pdf:p15;all;list;medium;yes
Q295;Apa tugas Dosen Penasehat Akademik dalam program MBKM?;Membimbing mahasiswa dalam merencanakan program MBKM, melaporkan rencana kegiatan pelaksanaan MBKM mahasiswa ke Program Studi, dan mengevaluasi mahasiswa dalam melaksanakan program MBKM.;pertor_9_2021_MBKM.pdf:p8;all;list;medium;yes
Q296;Berapa IPK minimal untuk mendaftar sebagai mahasiswa baru Program Magister?;IPK minimal 2,50.;6-Pedoman-Akademik-Program-Magister-UNRI.pdf:p5;all;factoid;easy;yes
Q297;Apa saja persyaratan umum calon mahasiswa baru Program Magister?;Lulusan Program Sarjana atau Sarjana Terapan yang diakui Kementerian, memiliki kemampuan akademis yang memadai, berbadan sehat jasmani dan rohani, serta memenuhi persyaratan administratif dan keuangan yang telah ditetapkan.;6-Pedoman-Akademik-Program-Magister-UNRI.pdf:p5;all;list;medium;yes
Q298;Berapa surat rekomendasi dosen yang diperlukan untuk mendaftar Program Magister?;Rekomendasi kelayakan akademik dari 2 orang dosen minimal bergelar Doktor yang mengetahui kinerja yang bersangkutan, atau rekomendasi dari 2 orang pimpinan tempat calon mahasiswa bekerja.;6-Pedoman-Akademik-Program-Magister-UNRI.pdf:p6;all;factoid;medium;yes
Q299;Berapa skor TOEFL minimal bagi mahasiswa asing Program Magister?;Nilai paling rendah 475 untuk TOEFL, 5 untuk IELTS, atau lulus seleksi wawancara Bahasa Inggris.;6-Pedoman-Akademik-Program-Magister-UNRI.pdf:p7;all;factoid;medium;yes
Q300;Berapa IPK minimal mahasiswa pindahan dari perguruan tinggi lain ke Program Magister UNRI?;Memiliki IPK minimal 3,00 dari Program Studi asal.;6-Pedoman-Akademik-Program-Magister-UNRI.pdf:p7;all;factoid;medium;yes
Q301;Berapa akreditasi minimal program studi asal untuk mahasiswa pindahan Magister?;Akreditasi Program Studi minimal Sangat Baik atau B pada saat mengajukan permohonan pindah.;6-Pedoman-Akademik-Program-Magister-UNRI.pdf:p7;all;factoid;medium;yes
Q302;Berapa nilai minimal yang diakui saat penyetaraan mata kuliah mahasiswa pindahan Magister?;Nilai yang diakui minimal B atau 3,00.;6-Pedoman-Akademik-Program-Magister-UNRI.pdf:p8;all;factoid;medium;yes
Q303;Apa saja syarat pindah program studi di lingkungan Program Magister UNRI?;Tidak dinyatakan Drop Out dari Program Studi asal, mempunyai IPK minimal 3,00, pindah hanya diperbolehkan pada rumpun ilmu yang sama, dan lulus evaluasi minimal 1 semester pada Program Studi asalnya.;6-Pedoman-Akademik-Program-Magister-UNRI.pdf:p8;all;list;hard;yes
Q304;Berapa beban studi Program Magister di UNRI?;Beban studi Program Magister adalah 54-56 SKS termasuk tugas akhir.;6-Pedoman-Akademik-Program-Magister-UNRI.pdf:p9;all;factoid;medium;yes
Q305;Apa rincian beban studi Program Magister?;Mata kuliah wajib dan pilihan sebanyak 44-46 SKS, seminar usul penelitian 2 SKS, seminar hasil penelitian 2 SKS, dan tesis 6 SKS.;6-Pedoman-Akademik-Program-Magister-UNRI.pdf:p10;all;list;hard;yes
Q306;Berapa lama kegiatan perkuliahan Program Magister dijadwalkan?;Dijadwalkan 4 semester atau 2 tahun, dapat ditempuh minimal 3 semester atau 1,5 tahun, dan selama-lamanya 8 semester atau 4 tahun.;6-Pedoman-Akademik-Program-Magister-UNRI.pdf:p10;all;factoid;hard;yes
Q307;Berapa persen maksimal mata kuliah pilihan dari total SKS Program Magister?;Paling banyak 20 persen dari total SKS yang diambil oleh mahasiswa.;6-Pedoman-Akademik-Program-Magister-UNRI.pdf:p10;all;factoid;medium;yes
Q308;Siapa yang wajib mengikuti kuliah matrikulasi di Program Magister?;Mahasiswa baru yang tidak sebidang dengan Program Studi yang akan ditempuhnya.;6-Pedoman-Akademik-Program-Magister-UNRI.pdf:p10;all;factoid;medium;yes
Q309;Berapa persen maksimal perkuliahan daring pada Program Magister?;Maksimal 49 persen dari keseluruhan jumlah tatap muka.;6-Pedoman-Akademik-Program-Magister-UNRI.pdf:p11;all;factoid;medium;yes
Q310;Berapa persen kehadiran minimal agar bisa mengikuti Ujian Akhir Semester di Program Magister?;Paling sedikit 80 persen dan/atau telah menyelesaikan tugas-tugas lain sesuai ketentuan Program Studi.;6-Pedoman-Akademik-Program-Magister-UNRI.pdf:p13;all;factoid;medium;yes
Q311;Apa saja mata kuliah wajib Program Pascasarjana?;Kepemimpinan 2 SKS, Publikasi Ilmiah 3 SKS, dan Pengabdian Kepada Masyarakat 2 SKS.;6-Pedoman-Akademik-Program-Magister-UNRI.pdf:p12;all;list;medium;yes
Q312;Apa yang terjadi kalau IPK saya kurang dari 3,00 di semester pertama Program Magister?;Koordinator Program Studi wajib memanggil atau menyurati mahasiswa bersangkutan dengan memberikan surat peringatan, dan jika pada semester kedua IPK masih kurang dari 3,00 maka dinyatakan Drop Out.;6-Pedoman-Akademik-Program-Magister-UNRI.pdf:p13;all;prosedur;hard;yes
Q313;Berapa nilai minimal batas kelulusan untuk evaluasi akhir masa studi Program Magister?;Nilai minimal batas kelulusan adalah B atau 3,00.;6-Pedoman-Akademik-Program-Magister-UNRI.pdf:p14;all;factoid;medium;yes
Q314;Berapa lama dosen harus menyerahkan nilai mata kuliah di Program Magister?;Paling lambat 12 hari setelah pelaksanaan ujian kepada Program Studi.;6-Pedoman-Akademik-Program-Magister-UNRI.pdf:p14;all;factoid;medium;yes
Q315;Berapa lama mahasiswa Program Magister boleh mengambil cuti akademik?;Paling lama 2 semester efektif dengan izin Rektor dan tidak membayar SPP.;6-Pedoman-Akademik-Program-Magister-UNRI.pdf:p15;all;factoid;medium;yes
Q316;Kapan mahasiswa Program Magister dinyatakan putus studi karena masa studi?;Apabila masa studi melebihi 8 semester atau 4 tahun.;6-Pedoman-Akademik-Program-Magister-UNRI.pdf:p16;all;factoid;medium;yes
Q317;Berapa SKS minimal yang harus diselesaikan untuk mendapat surat pengantar penyusunan tesis?;Telah menyelesaikan minimal 14 SKS dan atau telah lulus mata kuliah Metodologi Penelitian atau sejenisnya.;6-Pedoman-Akademik-Program-Magister-UNRI.pdf:p17;all;factoid;medium;yes
Q318;Berapa maksimal mahasiswa bimbingan bagi Komisi Pembimbing Program Magister?;Paling banyak 8 mahasiswa yang sedang berlangsung, penambahan hanya dapat dilakukan setelah ada mahasiswa bimbingan yang lulus.;6-Pedoman-Akademik-Program-Magister-UNRI.pdf:p18|pertor_3_2015_Peraturan-Akademik.pdf:p28;any;factoid;medium;yes
Q319;Berapa lama seminar usul penelitian Program Magister berlangsung?;Berlangsung dalam rentang waktu 60 sampai dengan 90 menit.;6-Pedoman-Akademik-Program-Magister-UNRI.pdf:p19;all;factoid;medium;yes
Q320;Berapa kali minimal saya harus mengikuti seminar sebelum bisa seminar hasil penelitian?;Telah mengikuti seminar usul penelitian dan hasil penelitian minimal 8 kali.;6-Pedoman-Akademik-Program-Magister-UNRI.pdf:p20;all;factoid;medium;yes
Q321;Apa syarat publikasi untuk bisa mengikuti ujian tesis?;Menyerahkan minimal 1 naskah atau artikel ilmiah bagian dari tesisnya, minimal berupa surat LoA dari tim redaksi jurnal yang dituju, dengan artikel diterbitkan pada jurnal terindeks Sinta minimal Sinta 4 dan/atau diutamakan jurnal internasional bereputasi.;6-Pedoman-Akademik-Program-Magister-UNRI.pdf:p21;all;factoid;hard;yes
Q322;Berapa skor TOEFL dan TPA minimal untuk mengikuti ujian tesis?;TOEFL dengan skor minimal 475 dan Tes Potensi Akademik dengan skor minimal 400.;6-Pedoman-Akademik-Program-Magister-UNRI.pdf:p22;all;factoid;hard;yes
Q323;Berapa batas maksimal hasil uji kemiripan untuk ujian tesis?;Maksimal 25 persen.;6-Pedoman-Akademik-Program-Magister-UNRI.pdf:p22;all;factoid;medium;yes
Q324;Berapa jumlah penguji pada ujian tesis Program Magister?;5 orang, terdiri dari Komisi Pembimbing 2 orang dan penguji 3 orang.;6-Pedoman-Akademik-Program-Magister-UNRI.pdf:p22|pertor_3_2015_Peraturan-Akademik.pdf:p20;any;factoid;medium;yes
Q325;Berapa IPK untuk mendapat predikat Dengan Pujian di Program Magister?;IPK 3,76 sampai 3,99, tidak memiliki nilai lebih rendah dari B, tidak pernah mengulang mata kuliah, masa studi tidak lebih dari 4 semester, dan nilai ujian sidang tesis minimal A-.;6-Pedoman-Akademik-Program-Magister-UNRI.pdf:p24;all;factoid;hard;yes
Q326;Aturan mana yang menetapkan Indikator Kinerja Utama perguruan tinggi di lingkungan Kemdiktisaintek?;Keputusan Menteri Pendidikan Tinggi, Sains, dan Teknologi Republik Indonesia Nomor 358/M/KEP/2025.;Kepmendiktisaintek-358-2025-IKU.pdf:p0;all;factoid;medium;yes
Q327;Kapan keputusan tentang Indikator Kinerja Utama perguruan tinggi ditetapkan?;Ditetapkan di Jakarta pada tanggal 31 Desember 2025.;Kepmendiktisaintek-358-2025-IKU.pdf:p2;all;factoid;easy;yes
Q328;Siapa Menteri yang menandatangani keputusan tentang Indikator Kinerja Utama?;Brian Yuliarto.;Kepmendiktisaintek-358-2025-IKU.pdf:p2;all;factoid;easy;yes
Q329;Keputusan lama mana yang dicabut oleh aturan Indikator Kinerja Utama yang baru?;Keputusan Menteri Pendidikan, Kebudayaan, Riset, dan Teknologi Nomor 210/M/2023 tentang Indikator Kinerja Utama Perguruan Tinggi Negeri dan Lembaga Layanan Pendidikan Tinggi.;Kepmendiktisaintek-358-2025-IKU.pdf:p2;all;factoid;hard;yes
Q330;Kapan periode penilaian Indikator Kinerja Utama?;Terhitung mulai tanggal 1 Januari sampai dengan 31 Desember pada setiap tahun penilaian.;Kepmendiktisaintek-358-2025-IKU.pdf:p1;all;factoid;medium;yes
Q331;Untuk apa Indikator Kinerja Utama menjadi pedoman perguruan tinggi?;Menyusun rencana kerja dan anggaran, menetapkan rencana kinerja, menyusun dokumen kontrak atau perjanjian kinerja, menyusun laporan kinerja, dan melakukan evaluasi pencapaian kinerja.;Kepmendiktisaintek-358-2025-IKU.pdf:p1;all;list;hard;yes
Q332;Siapa yang menetapkan target capaian dan tata cara pelaporan Indikator Kinerja Utama?;Sekretaris Jenderal.;Kepmendiktisaintek-358-2025-IKU.pdf:p1;all;factoid;easy;yes
Q333;Kepada siapa perguruan tinggi melaporkan capaian Indikator Kinerja Utama?;Kepada Menteri Pendidikan Tinggi, Sains, dan Teknologi melalui Sekretaris Jenderal.;Kepmendiktisaintek-358-2025-IKU.pdf:p2;all;factoid;medium;yes
Q334;Apa yang diukur oleh Angka Efisiensi Edukasi perguruan tinggi?;Tingkat keberhasilan mahasiswa menyelesaikan studi tepat waktu sesuai masa studi standar, dibandingkan dengan total mahasiswa yang masuk pada periode tertentu.;Kepmendiktisaintek-358-2025-IKU.pdf:p5;all;definisi;hard;yes
Q335;Berapa masa tempuh kurikulum standar program Sarjana dalam perhitungan Angka Efisiensi Edukasi?;8 semester.;Kepmendiktisaintek-358-2025-IKU.pdf:p5;all;factoid;medium;yes
Q336;Berapa masa tempuh kurikulum standar Diploma Tiga dan Doktor dalam perhitungan Angka Efisiensi Edukasi?;Diploma Tiga 6 semester dan Doktor atau Doktor Terapan 6 semester.;Kepmendiktisaintek-358-2025-IKU.pdf:p5;all;factoid;medium;yes
Q337;Berapa masa tempuh kurikulum standar Magister dalam perhitungan Angka Efisiensi Edukasi?;Paling sedikit 3 semester.;Kepmendiktisaintek-358-2025-IKU.pdf:p5;all;factoid;medium;yes
Q338;Berapa Angka Efisiensi Edukasi ideal untuk program Sarjana?;25 persen.;Kepmendiktisaintek-358-2025-IKU.pdf:p6;all;factoid;easy;yes
Q339;Berapa Angka Efisiensi Edukasi ideal untuk Magister dan Diploma Tiga?;Magister atau Magister Terapan 50 persen dan Diploma Tiga 33 persen.;Kepmendiktisaintek-358-2025-IKU.pdf:p6;all;factoid;medium;yes
Q340;Mahasiswa mana yang tidak dihitung dalam Angka Efisiensi Edukasi?;Jumlah mahasiswa pindah, jumlah mahasiswa drop out, dan jumlah mahasiswa yang cuti lebih dari ketentuan.;Kepmendiktisaintek-358-2025-IKU.pdf:p6;all;list;medium;yes
Q341;Apa yang diukur indikator tentang lulusan diploma dan sarjana yang langsung bekerja?;Proporsi lulusan yang setelah lulus kuliah langsung bekerja, berwirausaha, atau melanjutkan jenjang pendidikan yang lebih tinggi, atau yang telah bekerja atau berwirausaha sebelum lulus dan tetap menjalankannya saat lulus.;Kepmendiktisaintek-358-2025-IKU.pdf:p7;all;definisi;hard;yes
Q342;Apa saja kriteria kegiatan mahasiswa di luar program studi yang diakui?;Dilaksanakan dengan pendampingan oleh dosen pembimbing, memperoleh pengakuan satuan kredit semester, dan meliputi kegiatan seperti magang atau praktik kerja, program mahasiswa berdampak, dan pertukaran mahasiswa.;Kepmendiktisaintek-358-2025-IKU.pdf:p10;all;list;hard;yes
Q343;Berapa bobot juara 1 tingkat internasional dalam indikator prestasi mahasiswa?;Bobot 1.;Kepmendiktisaintek-358-2025-IKU.pdf:p12;all;factoid;medium;yes
Q344;Berapa bobot juara 1 tingkat nasional dan tingkat provinsi dalam indikator prestasi mahasiswa?;Juara 1 tingkat nasional berbobot 0,6 dan juara 1 tingkat provinsi berbobot 0,4.;Kepmendiktisaintek-358-2025-IKU.pdf:p12|Kepmendiktisaintek-358-2025-IKU.pdf:p13;all;factoid;hard;yes
Q345;Berapa bobot pembelajaran di luar kampus yang lebih dari 10 SKS?;Bobot 1.;Kepmendiktisaintek-358-2025-IKU.pdf:p13;all;factoid;medium;yes
Q346;Apakah indikator rekognisi internasional dosen bersifat wajib atau pilihan?;Bersifat IKU PILIHAN.;Kepmendiktisaintek-358-2025-IKU.pdf:p13;all;factoid;medium;yes
Q347;Apa yang diukur indikator publikasi bereputasi internasional?;Proporsi publikasi hasil riset perguruan tinggi yang terindeks pada basis data internasional bereputasi Scopus dan/atau Web of Science dibandingkan dengan total publikasi yang dihasilkan perguruan tinggi dalam periode tertentu.;Kepmendiktisaintek-358-2025-IKU.pdf:p22;all;definisi;hard;yes
Q348;Berapa bobot jurnal Top Tier dalam indikator publikasi internasional?;Bobot 1,2.;Kepmendiktisaintek-358-2025-IKU.pdf:p22;all;factoid;medium;yes
Q349;SDG mana yang wajib diikuti perguruan tinggi dalam Indikator Kinerja Utama?;SDG 1 Tanpa Kemiskinan, SDG 4 Pendidikan Berkualitas, dan SDG 17 Kemitraan, ditambah 2 SDGs lain yang dipilih sesuai keunggulan, spesialisasi, atau konteks strategis masing-masing perguruan tinggi.;Kepmendiktisaintek-358-2025-IKU.pdf:p24;all;list;hard;yes
Q350;Aturan mana yang menjadi acuan indikator kesejahteraan dosen?;Peraturan Menteri Pendidikan Tinggi, Sains, dan Teknologi Nomor 52 Tahun 2025.;Kepmendiktisaintek-358-2025-IKU.pdf:p36;all;factoid;hard;yes
Q351;Kukerta gelombang 1 dan gelombang 2 bedanya apa?;Keduanya sama-sama berlangsung 40 hari dan setara 4 SKS. Gelombang 1 dilaksanakan di wilayah Kota Pekanbaru pada rentang Februari hingga April 2026 dan diperuntukkan bagi mahasiswa yang tinggal menyelesaikan satu semester lagi atau menghadapi kondisi tertentu, sedangkan Gelombang 2 dilaksanakan di desa sasaran atau mitra sasaran.;KEPUTUSAN REKTOR UNIVERSITAS RIAU TENTANG PANDUAN KULIAH KERJA NYATA BERDAMPAK UNIVERSITAS RIAU TAHUN 2026.pdf:p15|KEPUTUSAN REKTOR UNIVERSITAS RIAU TENTANG PANDUAN KULIAH KERJA NYATA BERDAMPAK UNIVERSITAS RIAU TAHUN 2026.pdf:p18;all;komparatif;hard;yes
Q352;Syarat jumlah SKS untuk ikut kukerta gelombang 1 dan gelombang 2 sama atau beda?;Sama, yaitu telah selesai mengambil mata kuliah dengan beban minimal 100 SKS. Bedanya, Gelombang 1 menambah syarat bahwa mahasiswa tinggal menyelesaikan satu semester lagi pada semester ganjil atau menghadapi kondisi tertentu seperti kesehatan dan kondisi keluarga.;KEPUTUSAN REKTOR UNIVERSITAS RIAU TENTANG PANDUAN KULIAH KERJA NYATA BERDAMPAK UNIVERSITAS RIAU TAHUN 2026.pdf:p16|KEPUTUSAN REKTOR UNIVERSITAS RIAU TENTANG PANDUAN KULIAH KERJA NYATA BERDAMPAK UNIVERSITAS RIAU TAHUN 2026.pdf:p18;all;komparatif;medium;yes
Q353;Kukerta reguler dan kukerta khusus bedanya di mana?;Kukerta Berdampak Reguler dilaksanakan universitas di desa sasaran atau mitra sasaran, sedangkan Kukerta Berdampak Khusus diusulkan oleh Fakultas, berbasis keilmuan lintas program studi dalam satu fakultas, dan dilaksanakan pada desa binaan Fakultas.;KEPUTUSAN REKTOR UNIVERSITAS RIAU TENTANG PANDUAN KULIAH KERJA NYATA BERDAMPAK UNIVERSITAS RIAU TAHUN 2026.pdf:p18|KEPUTUSAN REKTOR UNIVERSITAS RIAU TENTANG PANDUAN KULIAH KERJA NYATA BERDAMPAK UNIVERSITAS RIAU TAHUN 2026.pdf:p19;all;komparatif;hard;yes
Q354;Kukerta dan program FISIP Berdampak untuk Negeri dihargai berapa SKS?;Kukerta Berdampak Reguler berlangsung 40 hari dan setara 4 SKS, sedangkan FISIP Berdampak untuk Negeri dikonversi menjadi 13 SKS dengan hitungan 10 minggu setara 364 jam.;KEPUTUSAN REKTOR UNIVERSITAS RIAU TENTANG PANDUAN KULIAH KERJA NYATA BERDAMPAK UNIVERSITAS RIAU TAHUN 2026.pdf:p15|Files_2026_juknis-fisip-berdampak-untuk-negeri-fisip-unri_1782799324_6a435bdc3156e.pdf:p10;all;komparatif;hard;yes
Q355;Syarat SKS untuk ikut kukerta dan untuk ikut FISIP Berdampak untuk Negeri sama?;Berbeda. Peserta kukerta harus telah menyelesaikan mata kuliah dengan beban minimal 100 SKS, sedangkan peserta FISIP Berdampak untuk Negeri cukup telah menempuh minimal 80 SKS.;KEPUTUSAN REKTOR UNIVERSITAS RIAU TENTANG PANDUAN KULIAH KERJA NYATA BERDAMPAK UNIVERSITAS RIAU TAHUN 2026.pdf:p16|Files_2026_juknis-fisip-berdampak-untuk-negeri-fisip-unri_1782799324_6a435bdc3156e.pdf:p5;all;komparatif;medium;yes
Q356;Pembekalan umum dan pembekalan khusus kukerta bedanya apa?;Pembekalan umum dilakukan universitas dengan penyaji dari dalam dan luar universitas, sedangkan pembekalan khusus dilakukan secara tutorial oleh Dosen Pembimbing Lapangan.;KEPUTUSAN REKTOR UNIVERSITAS RIAU TENTANG PANDUAN KULIAH KERJA NYATA BERDAMPAK UNIVERSITAS RIAU TAHUN 2026.pdf:p11;all;komparatif;easy;yes
Q357;Program wajib dan program tambahan dalam kukerta bedanya apa?;Program wajib diselenggarakan bersama-sama oleh kelompok sesuai Rencana Kerja yang disetujui DPL dan secara kuantitatif memenuhi minimal 480 jam setara 15 minggu, sedangkan program tambahan muncul setelah matriks perencanaan disahkan untuk mengakomodasi kebutuhan masyarakat yang belum tercantum.;KEPUTUSAN REKTOR UNIVERSITAS RIAU TENTANG PANDUAN KULIAH KERJA NYATA BERDAMPAK UNIVERSITAS RIAU TAHUN 2026.pdf:p8;all;komparatif;medium;yes
Q358;Kukerta yang diselenggarakan pihak luar kampus nilainya dihitung sama?;Ya. Program Kuliah Kerja Nyata eksternal disetarakan dengan mata kuliah Kuliah Kerja Nyata sehingga nilai yang didapat mahasiswa dapat menjadi nilai mata kuliah Kuliah Kerja Nyata.;KEPUTUSAN REKTOR UNIVERSITAS RIAU TENTANG PANDUAN KULIAH KERJA NYATA BERDAMPAK UNIVERSITAS RIAU TAHUN 2026.pdf:p22;all;komparatif;medium;yes
Q359;Syarat ikut kukerta dari lembaga luar lebih berat dibanding kukerta biasa?;Ya. Kukerta eksternal mensyaratkan minimal 100 SKS ditambah Indeks Prestasi Kumulatif paling rendah 3.0, pernah atau sedang aktif sebagai pengurus atau anggota organisasi kemahasiswaan, surat keterangan sehat dan berkelakuan baik, serta tidak sedang hamil, sedangkan kukerta reguler hanya mensyaratkan 100 SKS, status mahasiswa aktif, dan lulus pembekalan.;KEPUTUSAN REKTOR UNIVERSITAS RIAU TENTANG PANDUAN KULIAH KERJA NYATA BERDAMPAK UNIVERSITAS RIAU TAHUN 2026.pdf:p18|KEPUTUSAN REKTOR UNIVERSITAS RIAU TENTANG PANDUAN KULIAH KERJA NYATA BERDAMPAK UNIVERSITAS RIAU TAHUN 2026.pdf:p23;all;komparatif;hard;yes
Q360;Bobot nilai dari masyarakat dan dari luaran kukerta, mana yang lebih besar?;Luaran lebih besar. Penilaian masyarakat berbobot 20 persen, sedangkan luaran berbobot 40 persen.;KEPUTUSAN REKTOR UNIVERSITAS RIAU TENTANG PANDUAN KULIAH KERJA NYATA BERDAMPAK UNIVERSITAS RIAU TAHUN 2026.pdf:p17|KEPUTUSAN REKTOR UNIVERSITAS RIAU TENTANG PANDUAN KULIAH KERJA NYATA BERDAMPAK UNIVERSITAS RIAU TAHUN 2026.pdf:p18;all;komparatif;medium;yes
Q361;Skema Riset Afirmasi dan Riset Peningkatan Kapasitas Dosen Muda bedanya apa?;Riset Afirmasi berdana maksimal Rp10.000.000 dengan luaran wajib artikel di jurnal bereputasi nasional Sinta 1-5 dan diprioritaskan bagi dosen yang belum lulus pendanaan proposal sumber dana DIPA Universitas Riau. Riset Peningkatan Kapasitas Dosen Muda berdana maksimal Rp15.000.000 dengan luaran wajib jurnal nasional terindeks minimal Sinta 3 atau prosiding internasional bereputasi.;KEPUTUSAN REKTOR UNIVERSITAS RIAU TENTANG PANDUAN PENELITIAN DAN PENGABDIAN KEPADA MASYARAKAT.pdf:p15|KEPUTUSAN REKTOR UNIVERSITAS RIAU TENTANG PANDUAN PENELITIAN DAN PENGABDIAN KEPADA MASYARAKAT.pdf:p16;all;komparatif;hard;yes
Q362;Hibah riset mana yang dananya paling besar di Universitas Riau?;Riset Inovasi dan Hilirisasi Industri, dengan besaran dana maksimal Rp80.000.000.;KEPUTUSAN REKTOR UNIVERSITAS RIAU TENTANG PANDUAN PENELITIAN DAN PENGABDIAN KEPADA MASYARAKAT.pdf:p21|KEPUTUSAN REKTOR UNIVERSITAS RIAU TENTANG PANDUAN PENELITIAN DAN PENGABDIAN KEPADA MASYARAKAT.pdf:p52;all;komparatif;easy;yes
Q363;Syarat ketua peneliti riset kolaborasi internasional dan riset unggulan bedanya apa?;Ketua Riset Kolaborasi Internasional harus Doktor dengan jabatan akademik minimal Lektor, bukan CPNS, dan memiliki SINTA Score Overall minimal 150 untuk bidang saintek atau 50 untuk soshum dan seni. Ketua Riset Unggulan Universitas Riau berjabatan akademik minimal asisten ahli untuk S3 atau lektor untuk S2, bukan CPNS, dengan SINTA Score Overall minimal 200 untuk saintek atau 100 untuk soshum dan seni.;KEPUTUSAN REKTOR UNIVERSITAS RIAU TENTANG PANDUAN PENELITIAN DAN PENGABDIAN KEPADA MASYARAKAT.pdf:p17|KEPUTUSAN REKTOR UNIVERSITAS RIAU TENTANG PANDUAN PENELITIAN DAN PENGABDIAN KEPADA MASYARAKAT.pdf:p18;all;komparatif;hard;yes
Q364;Riset Produk dan Prototipe dan Riset Inovasi dan Hilirisasi Industri bedanya di mana?;Riset Produk dan Prototipe berada pada Tingkat Kesiapterapan Teknologi level 4-6 dengan dana maksimal Rp60.000.000, sedangkan Riset Inovasi dan Hilirisasi Industri berada pada level 6-9 dengan dana maksimal Rp80.000.000 dan wajib memiliki mitra dengan dukungan pendanaan in cash atau in kind minimal 10 persen.;KEPUTUSAN REKTOR UNIVERSITAS RIAU TENTANG PANDUAN PENELITIAN DAN PENGABDIAN KEPADA MASYARAKAT.pdf:p19|KEPUTUSAN REKTOR UNIVERSITAS RIAU TENTANG PANDUAN PENELITIAN DAN PENGABDIAN KEPADA MASYARAKAT.pdf:p21;all;komparatif;hard;yes
Q365;Skema pengabdian Pemberdayaan Berbasis Masyarakat dan Pemberdayaan Desa Binaan bedanya apa?;Pemberdayaan Berbasis Masyarakat berdana maksimal Rp30.000.000 dan bersifat mono tahun, sedangkan Pemberdayaan Desa Binaan berdana maksimal Rp40.000.000 dan bersifat multi tahun.;KEPUTUSAN REKTOR UNIVERSITAS RIAU TENTANG PANDUAN PENELITIAN DAN PENGABDIAN KEPADA MASYARAKAT.pdf:p52;all;komparatif;medium;yes
Q366;Berapa dosen minimal di tim Pemberdayaan Berbasis Masyarakat dibanding tim Pemberdayaan Desa Binaan?;Anggota pengusul Pemberdayaan Berbasis Masyarakat minimal 3 orang dosen, sedangkan anggota pengusul Pemberdayaan Desa Binaan minimal 5 orang dosen.;KEPUTUSAN REKTOR UNIVERSITAS RIAU TENTANG PANDUAN PENELITIAN DAN PENGABDIAN KEPADA MASYARAKAT.pdf:p23|KEPUTUSAN REKTOR UNIVERSITAS RIAU TENTANG PANDUAN PENELITIAN DAN PENGABDIAN KEPADA MASYARAKAT.pdf:p26;all;komparatif;medium;yes
Q367;Kunjungan ke lokasi mitra minimal berapa kali untuk skema berbasis masyarakat dan skema desa binaan?;Skema Pemberdayaan Berbasis Masyarakat sekurang-kurangnya 3 kali kunjungan, sedangkan Pemberdayaan Desa Binaan sekurang-kurangnya 4 kali kunjungan.;KEPUTUSAN REKTOR UNIVERSITAS RIAU TENTANG PANDUAN PENELITIAN DAN PENGABDIAN KEPADA MASYARAKAT.pdf:p23|KEPUTUSAN REKTOR UNIVERSITAS RIAU TENTANG PANDUAN PENELITIAN DAN PENGABDIAN KEPADA MASYARAKAT.pdf:p26;all;komparatif;medium;yes
Q368;Dosen tetap dan dosen tidak tetap bedanya apa?;Dosen tetap bekerja penuh waktu pada perguruan tinggi dan memenuhi beban kerja paling sedikit sepadan dengan 12 satuan kredit semester, sedangkan dosen tidak tetap tidak bekerja penuh waktu dan/atau memenuhi beban kerja kurang dari 12 satuan kredit semester.;PERMENDIKBUD-RISTEK-44-2024.pdf:p2;all;komparatif;easy;yes
Q369;Promosi dan demosi dosen bedanya apa?;Promosi merupakan kenaikan jenjang jabatan akademik satu jenjang lebih tinggi, sedangkan demosi merupakan penurunan jenjang jabatan akademik satu jenjang lebih rendah.;PERMENDIKBUD-RISTEK-44-2024.pdf:p12|PERMENDIKBUD-RISTEK-44-2024.pdf:p13;all;komparatif;medium;yes
Q370;Tugas Lektor Kepala dan Profesor bedanya di mana?;Lektor Kepala memiliki kepakaran dalam bidang ilmu tertentu, mengembangkan keilmuan sesuai kepakarannya, dan membina Asisten Ahli dan/atau Lektor di bawah pembinaan Profesor. Profesor memiliki kepakaran, otoritas, dan wibawa ilmiah dalam bidang ilmunya, memimpin pengembangan keilmuan sesuai kepakarannya, serta membina Asisten Ahli, Lektor, dan/atau Lektor Kepala.;PERMENDIKBUD-RISTEK-44-2024.pdf:p3;all;komparatif;medium;yes
Q371;Syarat pendidikan dosen untuk mengajar program sarjana dan program magister sama?;Berbeda. Untuk program diploma atau program sarjana, kualifikasi akademik dosen paling rendah magister atau magister terapan, sedangkan untuk program magister, magister terapan, doktor, atau doktor terapan paling rendah doktor atau doktor terapan.;PERMENDIKBUD-RISTEK-44-2024.pdf:p4;all;komparatif;medium;yes
Q372;Tunjangan profesi dan tunjangan kehormatan dosen besarnya sama?;Tidak. Tunjangan profesi setara dengan 1 kali gaji pokok dosen aparatur sipil negara, sedangkan tunjangan kehormatan bagi Profesor setara dengan 2 kali gaji pokok dosen aparatur sipil negara.;PERMENDIKBUD-RISTEK-44-2024.pdf:p21;all;komparatif;medium;yes
Q373;Batas usia pensiun dosen biasa dan profesor sama?;Tidak sama. Batas usia pensiun 65 tahun, sedangkan bagi dosen dengan jabatan akademik Profesor 70 tahun.;PERMENDIKBUD-RISTEK-44-2024.pdf:p20;all;komparatif;easy;yes
Q374;Bidang yang ditangani wakil rektor dan wakil dekan di UNRI sama saja?;Tidak sama. Wakil Rektor terdiri atas Bidang Akademik, Bidang Keuangan dan Umum, Bidang Kemahasiswaan dan Alumni, serta Bidang Perencanaan, Kerja Sama, dan Sistem Informasi. Wakil Dekan terdiri atas Bidang Akademik, Bidang Keuangan dan Umum, serta Bidang Kemahasiswaan, Alumni, dan Kerja Sama.;2025permendiktisaintek016.pdf:p3|2025permendiktisaintek016.pdf:p5;all;komparatif;hard;yes
Q375;Tugas lembaga penelitian dan lembaga penjaminan mutu di UNRI bedanya apa?;Lembaga Penelitian dan Pengabdian Kepada Masyarakat melaksanakan koordinasi, pelaksanaan, pemantauan, dan evaluasi kegiatan penelitian dan pengabdian kepada masyarakat, sedangkan Lembaga Penjaminan Mutu dan Pengembangan Pembelajaran melaksanakan koordinasi, pelaksanaan, pemantauan, dan evaluasi kegiatan penjaminan mutu dan pengembangan pembelajaran.;2025permendiktisaintek016.pdf:p11|2025permendiktisaintek016.pdf:p13;all;komparatif;medium;yes
Q376;Susunan organisasi Fakultas Pertanian berbeda dari fakultas lain di UNRI?;Ya. Susunan organisasi Fakultas Pertanian memuat laboratorium, bengkel, studio, dan kebun percobaan, sedangkan fakultas lainnya hanya laboratorium, bengkel, dan studio.;2025permendiktisaintek016.pdf:p5;all;komparatif;hard;yes
Q377;Ketua jurusan dan koordinator program studi bedanya apa?;Ketua jurusan bertanggung jawab kepada dekan dan bertugas memimpin serta melaksanakan penyelenggaraan jurusan berdasarkan kebijakan dekan, sedangkan koordinator Program Studi adalah dosen yang ditunjuk Rektor dan bertanggung jawab kepada ketua jurusan.;2025permendiktisaintek016.pdf:p6;all;komparatif;medium;yes
Q378;Jalur SMBT dan jalur PBM di UNRI bedanya apa?;SMBT menjaring lulusan SMA, SMK, dan MA yang unggul melalui Ujian Tulis Berbasis Komputer, sedangkan PBM menjaring lulusan yang berprestasi di bidang olahraga, seni, sains, dan hafiz Al-Qur'an, dengan hasil UTBK hanya menjadi pertimbangan bila peminat melebihi daya tampung.;PANDUAN-SMBT-UNRI-2026-v1.pdf:p1;all;komparatif;medium;yes
Q379;Jalur afirmasi dan jalur kerja sama UNRI diperuntukkan bagi siapa?;Jalur Afirmasi diperuntukkan bagi anak kandung dosen atau tenaga kependidikan berstatus ASN atau P3K di lingkungan Universitas Riau, sedangkan jalur Kerja Sama diperuntukkan bagi calon mahasiswa program studi D3 Teknologi Pulp dan Kertas hasil kerja sama dengan PT RAPP dan harus memiliki rekomendasi dari PT RAPP.;PANDUAN-SMBT-UNRI-2026-v1.pdf:p1|PANDUAN-SMBT-UNRI-2026-v1.pdf:p5;all;komparatif;hard;yes
Q380;Pilihan program studi untuk pendaftar dari Riau dan dari luar Riau sama?;Tidak sama. Pendaftar yang asal sekolahnya dari Provinsi Riau dapat memilih sebanyak-banyaknya 2 program studi dari seluruh program studi yang ditawarkan, sedangkan pendaftar dari luar Provinsi Riau hanya dapat memilih paling banyak 2 program studi yang terdaftar di Fakultas Perikanan dan Kelautan.;PANDUAN-SMBT-UNRI-2026-v1.pdf:p12;all;komparatif;medium;yes
Q381;Ijazah, sertifikat kompetensi, dan sertifikat profesi bedanya apa?;Ijazah diberikan kepada lulusan pendidikan akademik dan pendidikan vokasi sebagai pengakuan terhadap prestasi belajar dan/atau penyelesaian program studi terakreditasi. Sertifikat kompetensi memuat pengakuan kompetensi atas prestasi lulusan sesuai keahlian dalam cabang ilmunya. Sertifikat profesi memuat pengakuan untuk melakukan praktik profesi yang diperoleh lulusan pendidikan profesi.;2022permendikbudristek006.pdf:p2;all;komparatif;medium;yes
Q382;Yang menandatangani ijazah di universitas dan di sekolah tinggi sama?;Berbeda. Untuk universitas dan institut, ijazah ditandatangani oleh rektor dan dekan, sedangkan untuk sekolah tinggi oleh ketua dan pemimpin unit pengelola program studi.;2022permendikbudristek006.pdf:p5;all;komparatif;medium;yes
Q383;Gratifikasi yang wajib dilaporkan dan yang tidak wajib dilaporkan bedanya apa?;Gratifikasi yang wajib dilaporkan adalah gratifikasi yang berhubungan dengan jabatan, yaitu dalam rangka mempengaruhi kebijakan, keputusan, atau perlakuan pemangku kewenangan termasuk yang memiliki benturan kepentingan, dalam rangka kunjungan dinas, dan dalam proses penerimaan, promosi, atau mutasi pejabat atau pegawai. Selain itu masuk kategori yang tidak wajib dilaporkan.;2019permendikbud029.pdf:p4;all;komparatif;hard;yes
Q384;Batas nilai pemberian sesama pegawai dan sesama rekan kerja yang tidak wajib dilaporkan sama?;Tidak sama. Pemberian sesama pegawai dalam rangka pisah sambut, pensiun, promosi jabatan, dan ulang tahun paling banyak Rp300.000 per pemberian per orang, sedangkan pemberian sesama rekan kerja paling banyak Rp200.000 per pemberi per orang. Keduanya dibatasi total Rp1.000.000 dalam satu tahun dari pemberi yang sama.;2019permendikbud029.pdf:p5;all;komparatif;hard;yes
Q385;Biaya langsung dan biaya tidak langsung dalam standar biaya operasional pendidikan tinggi bedanya apa?;Biaya langsung merupakan biaya operasional yang terkait langsung dengan penyelenggaraan program studi, sedangkan biaya tidak langsung merupakan biaya operasional pengelolaan institusi yang diperlukan dalam mendukung penyelenggaraan program studi.;2019permendikbud030.pdf:p3;all;komparatif;medium;yes
Q386;Kegiatan inti dan kegiatan pendukung pada FISIP Berdampak untuk Negeri bedanya apa?;Kegiatan inti adalah kegiatan besar yang diselenggarakan bersama-sama sesuai Laporan Rencana Kerja yang dibuat dan disetujui DPL dan dikonversi dengan mata kuliah 13 SKS, sedangkan kegiatan pendukung berkaitan dengan muatan mata kuliah konversi yang dilakukan tiap individu sesuai mata kuliah konversi yang diambil.;Files_2026_juknis-fisip-berdampak-untuk-negeri-fisip-unri_1782799324_6a435bdc3156e.pdf:p9;all;komparatif;medium;yes
Q387;Saya harus lulus berapa SKS untuk ikut kukerta, dan kukerta itu sendiri dihitung berapa SKS?;Peserta harus telah selesai mengambil mata kuliah dengan beban minimal 100 SKS, sedangkan kukerta itu sendiri setara dengan 4 SKS.;KEPUTUSAN REKTOR UNIVERSITAS RIAU TENTANG PANDUAN KULIAH KERJA NYATA BERDAMPAK UNIVERSITAS RIAU TAHUN 2026.pdf:p15|KEPUTUSAN REKTOR UNIVERSITAS RIAU TENTANG PANDUAN KULIAH KERJA NYATA BERDAMPAK UNIVERSITAS RIAU TAHUN 2026.pdf:p16;all;multi-hop;medium;yes
Q388;Kukerta bernilai berapa SKS dan berapa jam kerja minimal yang harus saya tempuh?;Kukerta setara dengan 4 SKS. Jumlah total jam kerja yang harus ditempuh setiap mahasiswa peserta minimal 272 jam kerja selama pelaksanaan.;KEPUTUSAN REKTOR UNIVERSITAS RIAU TENTANG PANDUAN KULIAH KERJA NYATA BERDAMPAK UNIVERSITAS RIAU TAHUN 2026.pdf:p8|KEPUTUSAN REKTOR UNIVERSITAS RIAU TENTANG PANDUAN KULIAH KERJA NYATA BERDAMPAK UNIVERSITAS RIAU TAHUN 2026.pdf:p15;all;multi-hop;medium;yes
Q389;Pembimbing lapangan kukerta harus punya NIDN, lalu apa syarat pendidikan minimal seorang dosen program sarjana?;Dosen Pembimbing Lapangan harus memiliki Nomor Induk Dosen Nasional atau Nomor Unik Pendidik dan Tenaga Kependidikan serta berstatus dosen aktif Universitas Riau. Kualifikasi akademik dosen pada program diploma atau program sarjana paling rendah magister atau magister terapan.;KEPUTUSAN REKTOR UNIVERSITAS RIAU TENTANG PANDUAN KULIAH KERJA NYATA BERDAMPAK UNIVERSITAS RIAU TAHUN 2026.pdf:p13|PERMENDIKBUD-RISTEK-44-2024.pdf:p4;all;multi-hop;hard;yes
Q390;Ketua penelitian di UNRI harus dosen tetap, lalu apa yang dimaksud dosen tetap?;Ketua peneliti atau pelaksana pengabdi adalah dosen tetap Universitas Riau yang mempunyai NIDN, NUPTK, atau NIDK dan sudah mempunyai jabatan fungsional. Dosen tetap bekerja penuh waktu pada perguruan tinggi dan memenuhi beban kerja paling sedikit sepadan dengan 12 satuan kredit semester.;KEPUTUSAN REKTOR UNIVERSITAS RIAU TENTANG PANDUAN PENELITIAN DAN PENGABDIAN KEPADA MASYARAKAT.pdf:p9|PERMENDIKBUD-RISTEK-44-2024.pdf:p2;all;multi-hop;hard;yes
Q391;Ketua skema riset kolaborasi internasional minimal Lektor, lalu apa tugas seorang Lektor?;Ketua Riset Kolaborasi Internasional harus Doktor dengan jabatan akademik minimal Lektor. Lektor melaksanakan Tridharma secara mandiri di bawah pembinaan Lektor Kepala dan/atau Profesor.;KEPUTUSAN REKTOR UNIVERSITAS RIAU TENTANG PANDUAN PENELITIAN DAN PENGABDIAN KEPADA MASYARAKAT.pdf:p17|PERMENDIKBUD-RISTEK-44-2024.pdf:p3;all;multi-hop;hard;yes
Q392;Lembaga mana yang mengelola kukerta di UNRI dan apa tugas resmi lembaga itu?;Pengelolanya adalah Lembaga Penelitian dan Pengabdian kepada Masyarakat Universitas Riau, yang bertugas melaksanakan koordinasi, pelaksanaan, pemantauan, dan evaluasi kegiatan penelitian dan pengabdian kepada masyarakat.;KEPUTUSAN REKTOR UNIVERSITAS RIAU TENTANG PANDUAN KULIAH KERJA NYATA BERDAMPAK UNIVERSITAS RIAU TAHUN 2026.pdf:p11|2025permendiktisaintek016.pdf:p11;all;multi-hop;hard;yes
Q393;Kukerta khusus diusulkan fakultas, lalu apa tugas fakultas dalam struktur organisasi UNRI?;Kukerta Berdampak Khusus diusulkan oleh Fakultas dan dilaksanakan pada desa binaan Fakultas. Fakultas bertugas menyelenggarakan dan mengelola pendidikan akademik, pendidikan vokasi, dan/atau pendidikan profesi dalam satu atau beberapa pohon atau kelompok ilmu pengetahuan dan/atau teknologi.;KEPUTUSAN REKTOR UNIVERSITAS RIAU TENTANG PANDUAN KULIAH KERJA NYATA BERDAMPAK UNIVERSITAS RIAU TAHUN 2026.pdf:p19|2025permendiktisaintek016.pdf:p4;all;multi-hop;hard;yes
Q394;Kukerta gelombang 1 bisa diusulkan Dekan ke Wakil Rektor Bidang Akademik, apa tugas jabatan itu?;Pelaksanaan kukerta Gelombang 1 dapat dilaksanakan berdasarkan usulan Dekan kepada Wakil Rektor Bidang Akademik. Wakil Rektor Bidang Akademik bertugas membantu Rektor dalam memimpin penyelenggaraan kegiatan di bidang pendidikan, penelitian, dan pengabdian kepada masyarakat.;KEPUTUSAN REKTOR UNIVERSITAS RIAU TENTANG PANDUAN KULIAH KERJA NYATA BERDAMPAK UNIVERSITAS RIAU TAHUN 2026.pdf:p15|2025permendiktisaintek016.pdf:p3;all;multi-hop;hard;yes
Q395;Naik jadi profesor butuh publikasi ilmiah, skema riset UNRI mana yang luaran wajibnya jurnal internasional bereputasi?;Promosi ke jenjang jabatan akademik Profesor mensyaratkan antara lain memiliki publikasi ilmiah. Riset Unggulan Universitas Riau mensyaratkan luaran wajib berupa artikel di jurnal internasional terindeks pada basis data internasional bereputasi.;PERMENDIKBUD-RISTEK-44-2024.pdf:p12|KEPUTUSAN REKTOR UNIVERSITAS RIAU TENTANG PANDUAN PENELITIAN DAN PENGABDIAN KEPADA MASYARAKAT.pdf:p18;all;multi-hop;hard;yes
Q396;Berapa beban kerja minimal dosen tetap dan kegiatan apa saja yang dihitung di dalamnya?;Beban kerja dosen tetap paling sedikit sepadan dengan 12 satuan kredit semester. Kegiatan pokoknya mencakup merencanakan pembelajaran, melaksanakan proses pembelajaran, melakukan evaluasi pembelajaran, membimbing dan melatih, melakukan penelitian, melakukan tugas tambahan, serta melakukan pengabdian kepada masyarakat.;PERMENDIKBUD-RISTEK-44-2024.pdf:p2|PERMENDIKBUD-RISTEK-44-2024.pdf:p9;all;multi-hop;hard;yes
Q397;Poster hasil kukerta ukurannya berapa dan videonya maksimal berapa menit?;Poster berukuran 60 cm x 160 cm posisi portrait, sedangkan video dokumenter berdurasi maksimal 5 menit.;KEPUTUSAN REKTOR UNIVERSITAS RIAU TENTANG PANDUAN KULIAH KERJA NYATA BERDAMPAK UNIVERSITAS RIAU TAHUN 2026.pdf:p24;all;multi-hop;medium;yes
Q398;Siapa yang menilai peserta kukerta khusus dan berapa bobot penilaian dari masyarakat?;Penilaian peserta Kukerta Berdampak Khusus dilakukan oleh DPL Fakultas dan berkoordinasi dengan LPPM. Bobot penilaian masyarakat yang diinput oleh DPL adalah 20 persen.;KEPUTUSAN REKTOR UNIVERSITAS RIAU TENTANG PANDUAN KULIAH KERJA NYATA BERDAMPAK UNIVERSITAS RIAU TAHUN 2026.pdf:p20|KEPUTUSAN REKTOR UNIVERSITAS RIAU TENTANG PANDUAN KULIAH KERJA NYATA BERDAMPAK UNIVERSITAS RIAU TAHUN 2026.pdf:p22;all;multi-hop;hard;yes
Q399;Kukerta gelombang 2 dilaksanakan bulan apa dan kapan nilainya dikirim ke fakultas?;Pelaksanaan kukerta Gelombang 2 berlangsung Juni hingga Agustus 2026, sedangkan pengiriman nilai ke fakultas dijadwalkan September 2026.;KEPUTUSAN REKTOR UNIVERSITAS RIAU TENTANG PANDUAN KULIAH KERJA NYATA BERDAMPAK UNIVERSITAS RIAU TAHUN 2026.pdf:p17|KEPUTUSAN REKTOR UNIVERSITAS RIAU TENTANG PANDUAN KULIAH KERJA NYATA BERDAMPAK UNIVERSITAS RIAU TAHUN 2026.pdf:p18;all;multi-hop;medium;yes
Q400;Untuk naik jadi Profesor perlu pengalaman berapa tahun, dan berapa profesor yang harus ada di tim promosinya?;Diperlukan pengalaman kerja 10 tahun sebagai dosen tetap. Tim promosi dosen terdiri atas paling sedikit 5 Profesor pada rumpun ilmu bidang studi dosen yang dipromosikan, dengan paling sedikit 3 di antaranya Profesor dari perguruan tinggi lain.;PERMENDIKBUD-RISTEK-44-2024.pdf:p12|PERMENDIKBUD-RISTEK-44-2024.pdf:p13;all;multi-hop;hard;yes
Q401;Kalau kampus mengangkat dosen yang tidak memenuhi kualifikasi, sanksinya apa dan apa kualifikasi minimal itu?;Kualifikasi akademik dosen paling rendah magister atau magister terapan untuk program diploma atau sarjana dan doktor atau doktor terapan untuk program magister atau doktor. PTN badan hukum atau Badan Penyelenggara yang melanggar larangan tersebut dikenai sanksi administratif berupa peringatan tertulis.;PERMENDIKBUD-RISTEK-44-2024.pdf:p4|PERMENDIKBUD-RISTEK-44-2024.pdf:p6;all;multi-hop;hard;yes
Q402;Apa saja luaran wajib kukerta dan ke mana video dokumenternya diunggah?;Luaran kukerta meliputi poster yang didaftarkan hak cipta, hak cipta video dokumenter, submit dan draft artikel pengabdian pada jurnal ISSN atau prosiding Seminar Nasional Pengabdian kepada Masyarakat LPPM Unri, buku profil desa, serta publikasi media massa cetak atau elektronik. Video diunggah pada laman youtube LPPM.;KEPUTUSAN REKTOR UNIVERSITAS RIAU TENTANG PANDUAN KULIAH KERJA NYATA BERDAMPAK UNIVERSITAS RIAU TAHUN 2026.pdf:p24|KEPUTUSAN REKTOR UNIVERSITAS RIAU TENTANG PANDUAN KULIAH KERJA NYATA BERDAMPAK UNIVERSITAS RIAU TAHUN 2026.pdf:p25;all;multi-hop;hard;yes
Q403;Ijazah diterbitkan bersama dokumen apa saja dan ditulis dalam bahasa apa?;Ijazah diterbitkan perguruan tinggi disertai dengan Transkrip Akademik dan Surat Keterangan Pendamping Ijazah. Ketiganya ditulis dalam bahasa Indonesia dan dapat diterjemahkan dalam bahasa Inggris atau bahasa asing lainnya.;2022permendikbudristek006.pdf:p4|2022permendikbudristek006.pdf:p5;all;multi-hop;hard;yes
Q404;Mahasiswa FISIP Berdampak untuk Negeri dinilai oleh siapa saja dan berapa bobot laporan akhirnya?;Penilaian dilakukan oleh Dosen Pembimbing Lapangan dan Dosen Pengampu Mata Kuliah. Laporan Akhir berbobot 15 persen dan dinilai oleh Dosen Pembimbing Lapangan.;Files_2026_juknis-fisip-berdampak-untuk-negeri-fisip-unri_1782799324_6a435bdc3156e.pdf:p6|Files_2026_juknis-fisip-berdampak-untuk-negeri-fisip-unri_1782799324_6a435bdc3156e.pdf:p8;all;multi-hop;hard;yes
Q405;Program FISIP Berdampak untuk Negeri dikonversi jadi berapa SKS dan apa saja luarannya?;Dikonversi menjadi 13 SKS. Luarannya meliputi laporan kegiatan pengabdian masyarakat, buku profil desa, bukti submit pengabdian kepada masyarakat pada jurnal atau prosiding atau book chapter SNPM FISIP Universitas Riau, publikasi media massa atau elektronik, hak cipta poster, dan hak cipta video dokumenter.;Files_2026_juknis-fisip-berdampak-untuk-negeri-fisip-unri_1782799324_6a435bdc3156e.pdf:p10|Files_2026_juknis-fisip-berdampak-untuk-negeri-fisip-unri_1782799324_6a435bdc3156e.pdf:p11;all;multi-hop;hard;yes
Q406;Kapan pendaftaran jalur mandiri UNRI dibuka dan berapa daya tampung maksimalnya?;Pendaftaran dimulai 4 Mei 2026 sampai 4 Juli 2026 pukul 15.00 WIB. Jumlah alokasi daya tampung mahasiswa baru jalur mandiri paling banyak 30 persen pada setiap program studi.;PANDUAN-SMBT-UNRI-2026-v1.pdf:p2|PANDUAN-SMBT-UNRI-2026-v1.pdf:p12;all;multi-hop;hard;yes
Q407;Daftar ulang mahasiswa baru UNRI ada berapa tahap dan dokumen apa yang dipakai memvalidasi UKT?;Ada 5 tahap, yaitu update biodata dan upload dokumen persyaratan, verifikasi atau validasi dokumen, pembayaran UKT beserta biaya tes narkoba, tes kesehatan, dan buta warna, generate NIM, dan cetak e-KTM. Dokumen syarat validasi UKT meliputi slip gaji atau surat keterangan penghasilan orang tua, kartu keluarga, bukti bayar listrik, kartu KPS, bukti pajak motor, bukti pajak mobil, dan bukti kepemilikan lahan.;Panduan-registrasi-ulang.pdf:p1|Panduan-registrasi-ulang.pdf:p2;all;multi-hop;hard;yes
Q408;Berapa masa studi maksimal dan beban studi mahasiswa kedokteran UNRI, dan berapa total SKS di tabel kurikulumnya?;Masa studi maksimal 12 semester dengan beban studi 148 SKS, sedangkan tabel daftar mata kuliah per semester mencantumkan total 151 SKS.;BUKU-PANDUAN-AKADEMIK-S1-KEDOKTERAN-FK-UNRI-3.pdf:p24|BUKU-PANDUAN-AKADEMIK-S1-KEDOKTERAN-FK-UNRI-3.pdf:p29;all;multi-hop;hard;yes
Q409;Kapan mahasiswa kedokteran UNRI boleh menyusun proposal skripsi dan di semester berapa skripsi dijadwalkan?;Mahasiswa diperkenankan menyusun proposal skripsi jika telah lulus 75 SKS dan telah lulus blok metode penelitian. Skripsi dijadwalkan pada semester VIII.;BUKU-PANDUAN-AKADEMIK-S1-KEDOKTERAN-FK-UNRI-3.pdf:p25|BUKU-PANDUAN-AKADEMIK-S1-KEDOKTERAN-FK-UNRI-3.pdf:p46;all;multi-hop;hard;yes
Q410;Berapa persen kehadiran minimal kuliah pakar di FK UNRI dan apa akibatnya kalau nilai modul di bawah batas?;Kehadiran pada kegiatan kuliah pakar minimal 80 persen. Mahasiswa dengan nilai rata-rata modul kurang dari 55 wajib mengikuti remedial.;BUKU-PANDUAN-AKADEMIK-S1-KEDOKTERAN-FK-UNRI-3.pdf:p37|BUKU-PANDUAN-AKADEMIK-S1-KEDOKTERAN-FK-UNRI-3.pdf:p41;all;multi-hop;hard;yes
Q411;Gratifikasi yang tidak bisa ditolak harus diapakan dan siapa yang menerima laporannya?;Pegawai wajib menolak gratifikasi yang berhubungan dengan jabatan, dan bila tidak dapat ditolak wajib melaporkannya kepada satuan tugas pengendalian gratifikasi. Unit pengendalian gratifikasi menerima dan memproses laporan gratifikasi kedinasan serta meneruskan laporan yang bukan kedinasan kepada Komisi Pemberantasan Korupsi.;2019permendikbud029.pdf:p6|2019permendikbud029.pdf:p7;all;multi-hop;hard;yes
Q412;Apa tujuan pangkalan data pendidikan tinggi dan data apa saja yang dihimpunnya?;Pangkalan Data Pendidikan Tinggi bertujuan antara lain mewujudkan basis data tunggal dalam perencanaan, pengaturan, pembinaan, dan pengawasan pendidikan tinggi. Data yang dihimpun terdiri atas Data Pokok Pendidikan Tinggi, Data Referensi Pendidikan Tinggi, dan Data Transaksional Pendidikan Tinggi.;2016permenristekdikti061.pdf:p3|2016permenristekdikti061.pdf:p4;all;multi-hop;hard;yes
Q413;Tahapan pengelolaan pengabdian di UNRI apa saja dan lewat sistem apa pengusulannya?;Tahapan kegiatan pengabdian meliputi pengumuman, pengusulan, penyeleksian atau penunjukan, penetapan, pelaksanaan, pengawasan, pelaporan, dan penilaian luaran. Semua proses dilakukan melalui Sistem Elektronik Penelitian dan Pengabdian atau e-ppm.;Peraturan-Rektor-Tentang-Pelaksanaan-Pengabdian-Universitas-Riau.pdf:p4|KEPUTUSAN REKTOR UNIVERSITAS RIAU TENTANG PANDUAN PENELITIAN DAN PENGABDIAN KEPADA MASYARAKAT.pdf:p5;all;multi-hop;hard;yes
Q414;Peserta PKKMB UNRI 2024 siapa saja dan berapa hari kegiatannya?;Pesertanya adalah mahasiswa baru jenjang D3, D4, dan S1 dari 10 fakultas di Universitas Riau yang diterima pada Tahun Ajaran 2024/2025. Kegiatan berlangsung tiga hari, yaitu 6 sampai 8 Agustus 2024.;PANDUAN_PKKMB_2024_FINAL-30072024.pdf:p7;all;multi-hop;medium;yes
Q415;Bagaimana alur mendaftar jadi peserta kukerta?;Calon peserta mendaftar pembekalan melalui portal KUKERTA yang disediakan LPPM menggunakan email institusi, mengikuti pembekalan, lalu bagi yang dinyatakan lulus pembekalan dapat melanjutkan ke tahap pendaftaran melalui portal KUKERTA.;KEPUTUSAN REKTOR UNIVERSITAS RIAU TENTANG PANDUAN KULIAH KERJA NYATA BERDAMPAK UNIVERSITAS RIAU TAHUN 2026.pdf:p11|KEPUTUSAN REKTOR UNIVERSITAS RIAU TENTANG PANDUAN KULIAH KERJA NYATA BERDAMPAK UNIVERSITAS RIAU TAHUN 2026.pdf:p12;all;prosedur;hard;yes
Q416;Bagaimana cara mendaftar jadi dosen pembimbing lapangan kukerta?;Mengisi formulir pendaftaran sebagai calon DPL secara online pada portal KUKERTA di https://kukerta.Unri.ac.id atau media yang disediakan LPPM, kemudian mengikuti pertemuan persamaan persepsi dan pembekalan program KUKERTA.;KEPUTUSAN REKTOR UNIVERSITAS RIAU TENTANG PANDUAN KULIAH KERJA NYATA BERDAMPAK UNIVERSITAS RIAU TAHUN 2026.pdf:p14|Files_2024_panduan-kukerta-reguler-dan-mbkm-tahun-2023-10-maret-2023_1725259087_66d55d4f93bbf.pdf:p8;any;prosedur;medium;yes
Q417;Kalau saya tidak lulus pembekalan kukerta, apa yang harus dilakukan?;Mahasiswa peserta yang dinyatakan tidak lulus wajib mengulang proses dari awal.;KEPUTUSAN REKTOR UNIVERSITAS RIAU TENTANG PANDUAN KULIAH KERJA NYATA BERDAMPAK UNIVERSITAS RIAU TAHUN 2026.pdf:p12;all;prosedur;easy;yes
Q418;Bagaimana matriks program kerja kukerta disusun sampai disahkan?;Matriks program kerja yang sudah tersusun masuk pada tahap verifikasi, validasi, dan persetujuan oleh Dosen Pembimbing Lapangan, penanggung jawab lokasi, dan mahasiswa penyusun matriks. Matriks harus selesai maksimal 7 hari setelah di lokasi, diawali tahap observasi, sosialisasi program ke tokoh masyarakat, dan konsultasi dengan DPL.;KEPUTUSAN REKTOR UNIVERSITAS RIAU TENTANG PANDUAN KULIAH KERJA NYATA BERDAMPAK UNIVERSITAS RIAU TAHUN 2026.pdf:p8;all;prosedur;hard;yes
Q419;Bagaimana nilai kukerta akhirnya bisa masuk ke portal akademik?;Laporan dan luaran mahasiswa dikoreksi DPL dan diberikan masa revisi, lalu DPL menginput nilai melalui portal KUKERTA. Setelah LPPM memvalidasi laporan, luaran, dan nilai, hasilnya dikirim ke Fakultas masing-masing untuk diinput ke dalam Portal Akademis.;KEPUTUSAN REKTOR UNIVERSITAS RIAU TENTANG PANDUAN KULIAH KERJA NYATA BERDAMPAK UNIVERSITAS RIAU TAHUN 2026.pdf:p12;all;prosedur;hard;yes
Q420;Kalau ada masalah di lokasi kukerta yang tidak bisa diselesaikan pembimbing, harus bagaimana?;DPL berkonsultasi dan berkoordinasi dengan koordinator lokasi. Selanjutnya koordinator lokasi menyampaikan kepada Koordinator Layanan KUKERTA dan Kepala LPPM Unri untuk dicarikan solusinya.;KEPUTUSAN REKTOR UNIVERSITAS RIAU TENTANG PANDUAN KULIAH KERJA NYATA BERDAMPAK UNIVERSITAS RIAU TAHUN 2026.pdf:p13;all;prosedur;medium;yes
Q421;Bagaimana tahapan pelaksanaan kukerta khusus?;Tahap 1 meliputi pendaftaran, pembekalan oleh LPPM, pendampingan kelompok oleh DPL, dan pemaparan program kerja kepada DPL. Tahap 2 adalah implementasi program di lokasi. Tahap 3 adalah penutupan, lokakarya, dan pelaporan.;KEPUTUSAN REKTOR UNIVERSITAS RIAU TENTANG PANDUAN KULIAH KERJA NYATA BERDAMPAK UNIVERSITAS RIAU TAHUN 2026.pdf:p20;all;prosedur;medium;yes
Q422;Apa yang wajib saya isi setiap hari selama di lokasi kukerta?;Mahasiswa wajib mengisi logbook harian di portal KUKERTA secara realtime.;KEPUTUSAN REKTOR UNIVERSITAS RIAU TENTANG PANDUAN KULIAH KERJA NYATA BERDAMPAK UNIVERSITAS RIAU TAHUN 2026.pdf:p12|Files_2024_panduan-kukerta-reguler-dan-mbkm-tahun-2023-10-maret-2023_1725259087_66d55d4f93bbf.pdf:p13;any;prosedur;easy;yes
Q423;Bagaimana cara mendaftarkan hak cipta poster hasil kukerta?;Poster didaftarkan hak cipta melalui LPPM, dengan ketentuan ukuran 60 cm x 160 cm posisi portrait, wajib mencantumkan logo Kemendiktisaintek dan logo perguruan tinggi, bersifat original, bebas plagiarisme, politik, dan SARA, memuat judul, tim pelaksana, instansi pemberi dana, resume dan hasil pelaksanaan kegiatan serta teknologi yang diterapkan, dan pada pelaporan softfile menggunakan jenis warna RGB.;KEPUTUSAN REKTOR UNIVERSITAS RIAU TENTANG PANDUAN KULIAH KERJA NYATA BERDAMPAK UNIVERSITAS RIAU TAHUN 2026.pdf:p24;all;prosedur;hard;yes
Q424;Sebelum menjatuhkan sanksi ke mahasiswa kukerta, apa yang dilakukan lebih dulu?;Penetapan sanksi dilakukan oleh LPPM Unri setelah melalui pengkajian, pembahasan, dan musyawarah, dengan mempertimbangkan masukan dari DPL, penanggung jawab lokasi, maupun mahasiswa yang terlibat, serta melakukan penyelidikan dan pengumpulan bukti dan fakta dari tempat kejadian secara transparan dan akuntabel.;KEPUTUSAN REKTOR UNIVERSITAS RIAU TENTANG PANDUAN KULIAH KERJA NYATA BERDAMPAK UNIVERSITAS RIAU TAHUN 2026.pdf:p26;all;prosedur;hard;yes
Q425;Bagaimana tahapan pengelolaan penelitian dan pengabdian di UNRI?;Tahapannya meliputi pengumuman, pengusulan, penyeleksian, penetapan, pelaksanaan, monitoring dan evaluasi, pelaporan, dan penilaian keluaran, seluruhnya melalui Sistem Elektronik Penelitian dan Pengabdian atau e-ppm.;KEPUTUSAN REKTOR UNIVERSITAS RIAU TENTANG PANDUAN PENELITIAN DAN PENGABDIAN KEPADA MASYARAKAT.pdf:p5;all;prosedur;medium;yes
Q426;Apa saja yang harus diunggah peneliti saat melaporkan hasil penelitiannya?;Peneliti dan pengabdi wajib mengunggah logbook atau reporting, laporan penggunaan dana berupa softcopy, Surat Pernyataan Tanggungjawab Belanja, Berita Acara Serah Terima Barang, softcopy laporan hasil, hardcopy laporan hasil rangkap satu, dan luaran yang dijanjikan ke laman e-ppm, serta menyerahkan salinan berkas hardcopy ke LPPM.;KEPUTUSAN REKTOR UNIVERSITAS RIAU TENTANG PANDUAN PENELITIAN DAN PENGABDIAN KEPADA MASYARAKAT.pdf:p14;all;prosedur;hard;yes
Q427;Bagaimana cara mengusulkan riset kolaborasi dengan kampus luar negeri?;Usulan harus relevan dengan kepakaran yang ditekuni dan lulus seleksi, melibatkan peneliti mitra dari perguruan tinggi luar negeri dengan minimal h-index Scopus 5, proposal ditulis dalam bahasa Inggris, kolaborasi dengan perguruan tinggi QS300, serta wajib melampirkan surat persetujuan bermitra dari perguruan tinggi luar negeri tersebut.;KEPUTUSAN REKTOR UNIVERSITAS RIAU TENTANG PANDUAN PENELITIAN DAN PENGABDIAN KEPADA MASYARAKAT.pdf:p17;all;prosedur;hard;yes
Q428;Bagaimana kampus yang belum punya tim promosi bisa menaikkan dosennya jadi profesor?;Perguruan tinggi yang belum memenuhi persyaratan dapat melakukan promosi ke jenjang Profesor setelah mendapatkan rekomendasi dari tim promosi dosen perguruan tinggi lain yang memenuhi persyaratan, atau dari tim promosi dosen yang dibentuk oleh Kementerian.;PERMENDIKBUD-RISTEK-44-2024.pdf:p13;all;prosedur;hard;yes
Q429;Bagaimana sertifikat pendidik dosen bisa dibatalkan?;Kementerian memerintahkan secara tertulis kepada pemimpin perguruan tinggi yang menyelenggarakan sertifikasi dosen untuk membatalkan sertifikat pendidik. Apabila dalam jangka waktu 3 bulan perguruan tinggi tidak melaksanakan perintah tertulis tersebut, pembatalan dilakukan oleh Kementerian.;PERMENDIKBUD-RISTEK-44-2024.pdf:p9;all;prosedur;hard;yes
Q430;Kalau dosen pindah ke kampus lain, jabatan akademiknya bagaimana?;Jabatan akademik dosen pada perguruan tinggi tujuan ditetapkan oleh perguruan tinggi tujuan sesuai dengan kualifikasi, kompetensi, dan prestasi dosen.;PERMENDIKBUD-RISTEK-44-2024.pdf:p3;all;prosedur;medium;yes
Q431;Bagaimana cara membentuk jurusan baru di UNRI?;Pembentukan, perubahan, dan penutupan jurusan ditetapkan oleh Rektor setelah mendapat persetujuan dari direktur jenderal yang menyelenggarakan tugas di bidang pendidikan tinggi.;2025permendiktisaintek016.pdf:p6;all;prosedur;medium;yes
Q432;Bagaimana pusat di bawah lembaga penelitian UNRI dibentuk dan ditutup?;Pembentukan dan penutupan pusat dilakukan oleh Rektor sesuai dengan kebutuhan, dan Rektor dapat menunjuk dosen atau pejabat fungsional lainnya sebagai kepala pusat.;2025permendiktisaintek016.pdf:p12;all;prosedur;medium;yes
Q433;Bagaimana koordinator program studi ditunjuk di UNRI?;Dalam penyelenggaraan Program Studi pada jurusan, Rektor dapat menunjuk seorang dosen sebagai koordinator Program Studi yang bertanggung jawab kepada ketua jurusan.;2025permendiktisaintek016.pdf:p6;all;prosedur;easy;yes
Q434;Bagaimana cara mendaftar jalur mandiri UNRI sampai dapat kartu ujian?;Peserta mendaftar online melalui laman https://pmb.unri.ac.id, membuat akun dan mengisi data awal, memilih jalur masuk, membayar melalui Virtual Account, melengkapi data diri, lalu melakukan finalisasi. Setelah finalisasi akan tampil informasi jadwal, sesi, dan lokasi ujian serta menu mengunduh kartu peserta ujian, dan pendaftaran dinyatakan selesai jika calon peserta sudah memiliki kartu peserta ujian.;PANDUAN-SMBT-UNRI-2026-v1.pdf:p3|PANDUAN-SMBT-UNRI-2026-v1.pdf:p11;all;prosedur;hard;yes
Q435;Bagaimana cara membayar biaya pendaftaran jalur mandiri UNRI?;Membayar uang pendaftaran sebesar Rp350.000 melalui bank mitra Unri yaitu BNI, BSI, BTN syariah, BRK, dan Mandiri, menggunakan Virtual Account yang dibuat melalui aplikasi. Pembayaran bisa dilakukan melalui ATM, internet banking, mobile banking, maupun teller di seluruh cabang mitra, dan kwitansi disimpan sebagai bukti bayar.;PANDUAN-SMBT-UNRI-2026-v1.pdf:p12;all;prosedur;hard;yes
Q436;Bagaimana cara mengunggah portofolio untuk pendaftaran jalur mandiri UNRI?;Portofolio berbentuk video diunggah ke laman Youtube dan URL-nya dimasukkan pada menu upload portofolio di aplikasi pendaftaran melalui https://pmb.unri.ac.id. Portofolio berupa gambar disimpan pada Google Drive dan tautannya dimasukkan pada menu upload, dengan memastikan tautan dapat diakses oleh reviewer.;PANDUAN-SMBT-UNRI-2026-v1.pdf:p13;all;prosedur;medium;yes
Q437;Urutan tahapan daftar ulang mahasiswa baru UNRI seperti apa?;Pendaftaran ulang dibagi atas 5 tahapan yang harus dilakukan berurutan, yaitu update biodata dan upload dokumen persyaratan, verifikasi atau validasi dokumen, pembayaran UKT dan biaya pemeriksaan tes narkoba, tes kesehatan, dan buta warna, generate NIM, lalu cetak e-KTM.;Panduan-registrasi-ulang.pdf:p1;all;prosedur;medium;yes
Q438;Kalau dokumen daftar ulang saya dinyatakan tidak valid, harus bagaimana?;Jika ada tombol perbaiki, klik tombol perbaiki untuk memperbaiki dokumen yang tidak valid, perhatikan kolom keterangan untuk data yang tidak valid, lalu unggah ulang dokumen yang tidak valid tersebut.;Panduan-registrasi-ulang.pdf:p9;all;prosedur;medium;yes
Q439;Bagaimana cara login ke aplikasi daftar ulang mahasiswa baru UNRI?;Login di https://registrasiulang.unri.ac.id menggunakan nomor pendaftaran yang ada pada kartu peserta, dengan password berupa gabungan nomor pendaftaran dan tahun lahir, lalu memasukkan hasil penjumlahan captcha yang ditampilkan.;Panduan-registrasi-ulang.pdf:p4;all;prosedur;medium;yes
Q440;Kalau ijazah saya hilang, bagaimana cara mengurus penggantinya?;Perguruan tinggi dapat menerbitkan Surat Keterangan Pengganti yang dinilai sama dengan ijazah, atas permintaan pemilik ijazah, apabila ijazah rusak, hilang, atau musnah yang dibuktikan dengan keterangan tertulis dari kepolisian.;2022permendikbudristek006.pdf:p11;all;prosedur;medium;yes
Q441;Bagaimana cara mengurus penyetaraan ijazah dari kampus luar negeri?;Penyetaraan ijazah dilakukan secara elektronik melalui sistem yang dikelola oleh Kementerian, dengan syarat perguruan tinggi atau program studi tersebut telah terakreditasi atau diakui pemerintah negara setempat, serta pengusul memiliki ijazah asli dan transkrip nilai asli beserta ijazah asli jenjang pendidikan sebelumnya.;2022permendikbudristek006.pdf:p14;all;prosedur;hard;yes
Q442;Bagaimana cara mengesahkan fotokopi ijazah kalau kampus penerbitnya sudah tutup?;Pengesahan fotokopi dilakukan oleh Kepala Lembaga Layanan Pendidikan Tinggi, yang dapat mendelegasikan wewenangnya kepada pejabat lain di bawahnya. Jika perguruan tinggi telah berubah, pengesahan dilakukan oleh pemimpin perguruan tinggi baru hasil perubahan.;2022permendikbudristek006.pdf:p13;all;prosedur;hard;yes
Q443;Dokumen apa saja yang harus disiapkan untuk daftar ulang mahasiswa baru UNRI?;Dokumen syarat validasi UKT meliputi slip gaji atau surat keterangan penghasilan orang tua, kartu keluarga, bukti bayar listrik, kartu KPS, bukti pajak motor, bukti pajak mobil, dan bukti kepemilikan lahan. Dokumen syarat validasi pendaftaran ulang meliputi kartu peserta, pas foto, ijazah atau surat keterangan lulus, rapor sampai semester 5, surat pernyataan kesediaan tes narkoba, pemeriksaan kesehatan, dan tes buta warna, surat pernyataan kebenaran data, surat keterangan tanggungan orang tua, KTP orang tua, dan surat pernyataan pemindahan fasilitas kesehatan BPJS.;Panduan-registrasi-ulang.pdf:p2|Panduan-registrasi-ulang.pdf:p3;all;list;hard;yes
Q444;Program studi apa saja yang mewajibkan tes buta warna saat daftar ulang di UNRI?;Kedokteran, kedokteran hewan, keperawatan, teknik kimia, kimia, fisika, biologi, dan sistem informasi.;Panduan-registrasi-ulang.pdf:p3;all;list;medium;yes
Q445;Apa saja syarat mendaftar jalur SMBT di UNRI?;Warga Negara Indonesia, lulusan SMA, SMK, MA atau sederajat tahun 2024, 2025, dan 2026, tidak menerima lulusan Paket C, tidak diterima melalui jalur SNBP dan SNBT atau diterima lewat SNBT namun belum daftar ulang, telah memiliki ijazah atau surat keterangan lulus yang memuat jati diri, pas foto, dan cap yang sah, serta dalam kondisi sehat sehingga tidak mengganggu proses UTBK.;PANDUAN-SMBT-UNRI-2026-v1.pdf:p3;all;list;hard;yes
Q446;Apa saja yang dilarang selama mengikuti kukerta?;Antara lain memberikan laporan yang merugikan pejabat atau lembaga mitra, memberikan informasi ke media yang menimbulkan opini negatif, membuat cap atau stempel kukerta, menggunakan tanda tangan tanpa izin, menghubungi instansi lebih tinggi tanpa izin, tinggal bersama lawan jenis dalam satu rumah tanpa keluarga setempat, menerima tamu bermalam, membawa kendaraan ke lokasi, mengemudi tanpa SIM, mengajukan proposal bantuan tanpa persetujuan DPL, mencemarkan nama baik universitas, melanggar peraturan perundang-undangan, serta meninggalkan lokasi sebelum berakhir atau tanpa izin DPL.;KEPUTUSAN REKTOR UNIVERSITAS RIAU TENTANG PANDUAN KULIAH KERJA NYATA BERDAMPAK UNIVERSITAS RIAU TAHUN 2026.pdf:p25|KEPUTUSAN REKTOR UNIVERSITAS RIAU TENTANG PANDUAN KULIAH KERJA NYATA BERDAMPAK UNIVERSITAS RIAU TAHUN 2026.pdf:p26;all;list;hard;yes
Q447;Sanksi apa saja yang bisa dijatuhkan kepada mahasiswa kukerta?;Peringatan secara lisan, peringatan secara tertulis, pengurangan nilai kukerta, perpanjangan masa kukerta, serta penarikan dari lokasi sebelum masa berakhirnya kukerta dan dinyatakan gugur.;KEPUTUSAN REKTOR UNIVERSITAS RIAU TENTANG PANDUAN KULIAH KERJA NYATA BERDAMPAK UNIVERSITAS RIAU TAHUN 2026.pdf:p26;all;list;medium;yes
Q448;Apa saja tugas dosen pembimbing lapangan kukerta?;Membimbing minimal 3 dan maksimal 5 kelompok, berkoordinasi dengan koordinator lokasi, menjalin komunikasi pada kegiatan observasi pendahuluan, melakukan pembimbingan atau monitoring minimal 4 kali luring, menyerahkan dan menjemput mahasiswa, membantu menyelesaikan permasalahan mahasiswa, menjalin kerja sama dengan tokoh dan lembaga di lokasi, berkonsultasi dengan koordinator lokasi bila masalahnya kompleks, mengoreksi dan mengesahkan laporan, memberikan penilaian luaran 5 hari sebelum penjemputan, mengunggah nilai 15 hari setelah penarikan, dan berpartisipasi aktif dalam rapat LPPM.;KEPUTUSAN REKTOR UNIVERSITAS RIAU TENTANG PANDUAN KULIAH KERJA NYATA BERDAMPAK UNIVERSITAS RIAU TAHUN 2026.pdf:p13;all;list;hard;yes
Q449;Apa saja syarat menjadi dosen pembimbing lapangan kukerta?;Memiliki NIDN atau NUPTK, berstatus dosen aktif Universitas Riau atau tidak sedang tugas dan izin belajar, data NIP, NIDN, atau NUPTK terdaftar di Portal KUKERTA Unri, bersedia ditempatkan pada lokasi desa yang ditetapkan LPPM, bersedia mengikuti seluruh ketentuan pelaksanaan kukerta, mengajukan usulan proposal pengabdian kepada masyarakat saat mendaftar, dan untuk Kukerta Berdampak Khusus berasal dari dosen yang diusulkan Fakultas.;KEPUTUSAN REKTOR UNIVERSITAS RIAU TENTANG PANDUAN KULIAH KERJA NYATA BERDAMPAK UNIVERSITAS RIAU TAHUN 2026.pdf:p13;all;list;hard;yes
Q450;Skema penelitian apa saja yang disediakan LPPM UNRI?;Riset Afirmasi, Riset Peningkatan Kapasitas Dosen Muda, Riset Kolaborasi Internasional, Riset Unggulan Universitas Riau, Riset Mandatory, Riset Produk dan Prototipe, serta Riset Inovasi dan Hilirisasi Industri.;KEPUTUSAN REKTOR UNIVERSITAS RIAU TENTANG PANDUAN PENELITIAN DAN PENGABDIAN KEPADA MASYARAKAT.pdf:p4|KEPUTUSAN REKTOR UNIVERSITAS RIAU TENTANG PANDUAN PENELITIAN DAN PENGABDIAN KEPADA MASYARAKAT.pdf:p15;all;list;medium;yes
Q451;Skema pengabdian apa saja yang disediakan LPPM UNRI?;Pemberdayaan Berbasis Masyarakat, Pemberdayaan Desa Binaan, dan Pemberdayaan Mandatory.;KEPUTUSAN REKTOR UNIVERSITAS RIAU TENTANG PANDUAN PENELITIAN DAN PENGABDIAN KEPADA MASYARAKAT.pdf:p4|KEPUTUSAN REKTOR UNIVERSITAS RIAU TENTANG PANDUAN PENELITIAN DAN PENGABDIAN KEPADA MASYARAKAT.pdf:p52;all;list;easy;yes
Q452;Unit penunjang akademik apa saja yang ada di Universitas Riau?;Perpustakaan, Teknologi Informasi dan Komunikasi, Bahasa, Laboratorium Terpadu, Bimbingan dan Konseling, Pengembangan Karier dan Kewirausahaan, Layanan Uji Kompetensi, serta Percetakan dan Penerbitan.;2025permendiktisaintek016.pdf:p14;all;list;medium;yes
Q453;Tema apa saja yang bisa dipilih pada program FISIP Berdampak untuk Negeri?;Antara lain Desa Literasi, Desa Pintar, Desa Sejarah, Desa Sejahtera, Desa Sadar Hukum, Desa Digital, Desa TOGA, Enterpreneur dan Industri Kreatif, Mitigasi Bencana, Eco Eduwisata, Lingkungan Berkelanjutan, Pengolahan Sampah, Pemberdayaan ekonomi masyarakat, Penguatan tata kelola desa atau komunitas, Edukasi sosial dan literasi, Transformasi digital masyarakat, Kewirausahaan dan Ekonomi Kreatif, Stunting dan Gizi Seimbang, serta Literasi Kesehatan.;Files_2026_juknis-fisip-berdampak-untuk-negeri-fisip-unri_1782799324_6a435bdc3156e.pdf:p7;all;list;hard;yes
Q454;Apa saja yang dimuat di dalam ijazah?;Nomor ijazah nasional, lambang perguruan tinggi, nama perguruan tinggi, nomor keputusan akreditasi perguruan tinggi dan/atau program studi, Program Pendidikan Tinggi, nama program studi, nama lengkap pemilik ijazah, tempat dan tanggal lahir, nomor pokok mahasiswa, nomor induk kependudukan atau nomor paspor, gelar beserta singkatannya, tanggal kelulusan, tempat dan tanggal penerbitan, nama dan jabatan pimpinan perguruan tinggi yang menandatangani, stempel perguruan tinggi, dan foto pemilik ijazah.;2022permendikbudristek006.pdf:p4|2022permendikbudristek006.pdf:p5;all;list;hard;yes
Q455;Apa saja tata tertib mahasiswa selama mengikuti PKKMB di UNRI?;Mengikuti kegiatan pukul 07.00 sampai 16.30 WIB kecuali hari ketiga sampai 17.00 WIB, mengisi presensi setiap datang dan pulang, dilarang melakukan tindakan provokatif, wajib berpakaian rapi baju putih dan celana atau rok hitam, dasi, dan jas almamater, wajib menggunakan identitas pengenal diri, dilarang berkata atau menulis kata tidak sopan, wajib membuat resume setiap materi sepanjang satu halaman sekitar 250 kata, mengikuti arahan relawan resmi, mengikuti kegiatan dari awal sampai akhir, disarankan membawa air minum dan perlengkapan pribadi, serta memarkir kendaraan di tempat yang disediakan.;PANDUAN_PKKMB_2024_FINAL-30072024.pdf:p10;all;list;hard;yes
Q456;Apa saja tahapan tutorial pembelajaran berbasis masalah di FK UNRI?;Identifikasi dan klarifikasi istilah yang belum dimengerti dalam skenario, menentukan masalah, analisis masalah melalui curah pendapat, membuat kajian sistematis penjelasan hasil langkah sebelumnya, menyusun tujuan pembelajaran, belajar mandiri mengumpulkan informasi tambahan, dan saling bertukar informasi yang didapat selama belajar mandiri.;BUKU-PANDUAN-AKADEMIK-S1-KEDOKTERAN-FK-UNRI-3.pdf:p31|BUKU-PANDUAN-AKADEMIK-S1-KEDOKTERAN-FK-UNRI-3.pdf:p32;all;list;hard;yes
Q457;Materi apa saja yang diberikan pada kegiatan PKKMB di UNRI?;Kehidupan berbangsa, bernegara, dan pembinaan kesadaran bela negara, pengenalan sistem pendidikan tinggi di Indonesia, perguruan tinggi di era revolusi industri 4.0 dan society 5.0, pengenalan growth mindset mahasiswa, pengembangan karakter mahasiswa, pengenalan keselamatan, kesehatan kerja, dan lingkungan, serta materi lain yang dipandang perlu sesuai kebutuhan mahasiswa dan perguruan tinggi.;PANDUAN_PKKMB_2024_FINAL-30072024.pdf:p3;all;list;medium;yes
Q458;Prinsip apa saja yang harus dipenuhi pelaksanaan kukerta?;Empat prinsip, yaitu dapat dilaksanakan atau feasible, dapat diterima atau acceptable, partisipatif atau participative, dan berkesinambungan atau sustainable.;KEPUTUSAN REKTOR UNIVERSITAS RIAU TENTANG PANDUAN KULIAH KERJA NYATA BERDAMPAK UNIVERSITAS RIAU TAHUN 2026.pdf:p4;all;list;easy;yes
Q459;Kukerta Berdampak itu apa?;Kegiatan pengabdian mahasiswa kepada masyarakat yang menghasilkan perubahan nyata dan berkelanjutan di lingkungan tempat dilaksanakannya kegiatan kukerta, dan merupakan bagian dari program Kampus Berdampak yang dicanangkan Kementerian Pendidikan Tinggi, Sains dan Teknologi.;KEPUTUSAN REKTOR UNIVERSITAS RIAU TENTANG PANDUAN KULIAH KERJA NYATA BERDAMPAK UNIVERSITAS RIAU TAHUN 2026.pdf:p5;all;definisi;medium;yes
Q460;Apa yang dimaksud dengan gratifikasi?;Pemberian dalam arti luas, yakni uang, barang, rabat atau discount, komisi, pinjaman tanpa bunga, tiket perjalanan, fasilitas penginapan, perjalanan wisata, pengobatan cuma-cuma, dan fasilitas lainnya, baik yang diterima di dalam negeri maupun di luar negeri, yang dilakukan dengan menggunakan sarana elektronik atau tanpa sarana elektronik.;2019permendikbud029.pdf:p3;all;definisi;medium;yes
Q461;Pangkalan Data Pendidikan Tinggi itu apa?;Sistem yang menghimpun data pendidikan tinggi dari seluruh perguruan tinggi yang terintegrasi secara nasional.;2016permenristekdikti061.pdf:p1;all;definisi;easy;yes
Q462;Surat Keterangan Pendamping Ijazah itu apa?;Dokumen yang diterbitkan oleh perguruan tinggi yang memuat informasi tentang pemenuhan kompetensi lulusan pendidikan akademik dan vokasi.;2022permendikbudristek006.pdf:p2;all;definisi;easy;yes
Q463;Apa yang dimaksud Penomoran Ijazah Nasional?;Sistem penomoran ijazah yang diberlakukan secara nasional dengan menggunakan format penomoran yang diterbitkan oleh Kementerian.;2022permendikbudristek006.pdf:p3;all;definisi;easy;yes
Q464;Jalur SMBT di UNRI itu apa?;Seleksi Masuk Berbasis Tes, yaitu seleksi yang dilaksanakan UNRI untuk menjaring potensi lulusan SMA, SMK, dan MA yang unggul khususnya untuk wilayah Riau, dengan metode Ujian Tulis Berbasis Komputer dan kriteria lain yang ditetapkan berdasarkan Keputusan Rektor.;PANDUAN-SMBT-UNRI-2026-v1.pdf:p1;all;definisi;easy;yes
Q465;Apa arti pengabdian kepada masyarakat dalam aturan Universitas Riau?;Kegiatan civitas akademika untuk pengamalan ilmu pengetahuan, teknologi dan seni budaya langsung pada masyarakat secara kelembagaan melalui metodologi ilmiah sebagai penyebaran Tri Dharma Perguruan Tinggi serta tanggung jawab yang luhur dalam usaha mengembangkan kemampuan masyarakat.;Peraturan-Rektor-Tentang-Pelaksanaan-Pengabdian-Universitas-Riau.pdf:p1;all;definisi;medium;yes
Q466;Tutorial dalam pembelajaran di FK UNRI itu apa?;Kegiatan akademik terstruktur yang dilaksanakan mahasiswa dalam bentuk diskusi kelompok untuk mencapai tujuan pembelajaran sesuai Standar Kompetensi Dokter, dengan mahasiswa dibagi dalam grup berjumlah lebih kurang 7 sampai 12 orang yang difasilitasi oleh tutor.;BUKU-PANDUAN-AKADEMIK-S1-KEDOKTERAN-FK-UNRI-3.pdf:p31;all;definisi;medium;yes
Q467;Portofolio dalam pendaftaran jalur mandiri UNRI itu apa?;Dokumentasi kumpulan karya atau penampilan siswa yang dibuat selama mengikuti pendidikan menengah.;PANDUAN-SMBT-UNRI-2026-v1.pdf:p13;all;definisi;easy;yes
Q468;Universitas Riau masuk klaster apa dalam kinerja penelitian dan pengabdian?;Klaster Mandiri tahun 2025.;KEPUTUSAN REKTOR UNIVERSITAS RIAU TENTANG PANDUAN PENELITIAN DAN PENGABDIAN KEPADA MASYARAKAT.pdf:p3;all;factoid;easy;yes
Q469;Berapa persen dana penerimaan yang dialokasikan untuk penelitian dan pengabdian?;15 persen dari total dana penerimaan PNBP.;KEPUTUSAN REKTOR UNIVERSITAS RIAU TENTANG PANDUAN PENELITIAN DAN PENGABDIAN KEPADA MASYARAKAT.pdf:p4;all;factoid;easy;yes
Q470;Satu dosen pembimbing lapangan kukerta boleh membimbing berapa mahasiswa?;Maksimal 40 orang mahasiswa di lokasi kukerta, dengan membimbing minimal 3 dan maksimal 5 kelompok.;KEPUTUSAN REKTOR UNIVERSITAS RIAU TENTANG PANDUAN KULIAH KERJA NYATA BERDAMPAK UNIVERSITAS RIAU TAHUN 2026.pdf:p13;all;factoid;easy;yes
Q471;Berapa jam sehari yang disarankan untuk kegiatan kukerta?;Berkisar 5 sampai 6 jam tiap hari.;KEPUTUSAN REKTOR UNIVERSITAS RIAU TENTANG PANDUAN KULIAH KERJA NYATA BERDAMPAK UNIVERSITAS RIAU TAHUN 2026.pdf:p8;all;factoid;easy;yes
Q472;Berapa persen kehadiran pembekalan kukerta supaya dinyatakan lulus?;Minimal 90 persen, ditambah mengikuti pembekalan dengan tertib dan disiplin serta lulus pendalaman materi berupa pretest dan posttest.;KEPUTUSAN REKTOR UNIVERSITAS RIAU TENTANG PANDUAN KULIAH KERJA NYATA BERDAMPAK UNIVERSITAS RIAU TAHUN 2026.pdf:p11;all;factoid;medium;yes
Q473;Berapa biaya pendaftaran jalur mandiri Universitas Riau?;Rp350.000.;PANDUAN-SMBT-UNRI-2026-v1.pdf:p12;all;factoid;easy;yes
Q474;Kapan UTBK jalur mandiri UNRI 2026 dilaksanakan?;Tanggal 9 sampai 14 Juli 2026.;PANDUAN-SMBT-UNRI-2026-v1.pdf:p12|PANDUAN-SMBT-UNRI-2026-v1.pdf:p13;all;factoid;easy;yes
Q475;Berapa lama masa studi maksimal mahasiswa kedokteran UNRI?;Maksimal 12 semester.;BUKU-PANDUAN-AKADEMIK-S1-KEDOKTERAN-FK-UNRI-3.pdf:p24;all;factoid;easy;yes
Q476;Berapa batas nilai pemberian saat pesta pernikahan yang tidak wajib dilaporkan sebagai gratifikasi?;Paling banyak Rp1.000.000 per pemberi dalam setiap acara.;2019permendikbud029.pdf:p4;all;factoid;medium;yes
Q477;Gaji pokok dosen dengan jabatan Lektor merujuk pada golongan berapa?;Golongan III/c.;PERMENDIKBUD-RISTEK-44-2024.pdf:p27;all;factoid;medium;yes
Q478;Berapa dana maksimal skema Pemberdayaan Mandatory dan berapa anggota dosen minimalnya?;Usulan dana ke LPPM maksimal Rp40.000.000 dengan anggota pengusul minimal 2 orang dosen.;KEPUTUSAN REKTOR UNIVERSITAS RIAU TENTANG PANDUAN PENELITIAN DAN PENGABDIAN KEPADA MASYARAKAT.pdf:p28;all;factoid;medium;yes
Q479;Berapa anggaran yang boleh diinvestasikan ke mitra pada skema desa binaan?;Maksimal 20 persen dari total anggaran yang diajukan, dalam bentuk belanja barang.;KEPUTUSAN REKTOR UNIVERSITAS RIAU TENTANG PANDUAN PENELITIAN DAN PENGABDIAN KEPADA MASYARAKAT.pdf:p26;all;factoid;medium;yes
Q480;Berapa jumlah kelompok kukerta yang diberangkatkan UNRI tahun 2026?;Informasi tersebut tidak tersedia dalam dokumen.;;all;unanswerable;hard;no
Q481;Desa mana saja yang jadi lokasi kukerta UNRI tahun 2026?;Informasi tersebut tidak tersedia dalam dokumen.;;all;unanswerable;hard;no
Q482;Berapa uang saku yang diterima mahasiswa selama kukerta?;Informasi tersebut tidak tersedia dalam dokumen.;;all;unanswerable;hard;no
Q483;Berapa honor yang diterima dosen pembimbing lapangan kukerta?;Informasi tersebut tidak tersedia dalam dokumen.;;all;unanswerable;hard;no
Q484;Berapa kuota peserta kukerta gelombang 1?;Informasi tersebut tidak tersedia dalam dokumen.;;all;unanswerable;hard;no
Q485;Apa sanksi bagi pembimbing lapangan yang terlambat mengunggah nilai kukerta?;Informasi tersebut tidak tersedia dalam dokumen.;;all;unanswerable;hard;no
Q486;Apakah mahasiswa warga negara asing boleh ikut kukerta di UNRI?;Informasi tersebut tidak tersedia dalam dokumen.;;all;unanswerable;hard;no
Q487;Berapa jumlah proposal penelitian yang didanai LPPM UNRI tahun 2026?;Informasi tersebut tidak tersedia dalam dokumen.;;all;unanswerable;hard;no
Q488;Berapa total anggaran DIPA LPPM Universitas Riau tahun 2026?;Informasi tersebut tidak tersedia dalam dokumen.;;all;unanswerable;hard;no
Q489;Berapa lama dana penelitian cair setelah kontrak ditandatangani?;Informasi tersebut tidak tersedia dalam dokumen.;;all;unanswerable;hard;no
Q490;Siapa saja yang menjadi reviewer proposal penelitian di LPPM UNRI?;Informasi tersebut tidak tersedia dalam dokumen.;;all;unanswerable;hard;no
Q491;Berapa jumlah desa binaan Universitas Riau?;Informasi tersebut tidak tersedia dalam dokumen.;;all;unanswerable;hard;no
Q492;Berapa jumlah pusat yang ada di bawah LPPM Universitas Riau?;Informasi tersebut tidak tersedia dalam dokumen.;;all;unanswerable;hard;no
Q493;Berapa jumlah paten yang dihasilkan Universitas Riau tahun 2025?;Informasi tersebut tidak tersedia dalam dokumen.;;all;unanswerable;hard;no
Q494;Berapa jumlah dosen Universitas Riau yang sudah bergelar profesor?;Informasi tersebut tidak tersedia dalam dokumen.;;all;unanswerable;hard;no
Q495;Berapa jumlah mahasiswa aktif Universitas Riau?;Informasi tersebut tidak tersedia dalam dokumen.;;all;unanswerable;hard;no
Q496;Berapa jumlah tenaga kependidikan di Universitas Riau?;Informasi tersebut tidak tersedia dalam dokumen.;;all;unanswerable;hard;no
Q497;Berapa jumlah program studi di Universitas Riau?;Informasi tersebut tidak tersedia dalam dokumen.;;all;unanswerable;hard;no
Q498;Berapa lama masa jabatan Rektor Universitas Riau?;Informasi tersebut tidak tersedia dalam dokumen.;;all;unanswerable;hard;no
Q499;Berapa jumlah koleksi buku perpustakaan Universitas Riau?;Informasi tersebut tidak tersedia dalam dokumen.;;all;unanswerable;hard;no
Q500;Berapa daya tampung jalur SMBT untuk Fakultas Teknik?;Informasi tersebut tidak tersedia dalam dokumen.;;all;unanswerable;hard;no
Q501;Berapa nilai minimal UTBK supaya lulus jalur SMBT UNRI?;Informasi tersebut tidak tersedia dalam dokumen.;;all;unanswerable;hard;no
Q502;Berapa jumlah mahasiswa baru yang diterima UNRI tahun 2026?;Informasi tersebut tidak tersedia dalam dokumen.;;all;unanswerable;hard;no
Q503;Berapa tarif UKT untuk mahasiswa baru Universitas Riau?;Informasi tersebut tidak tersedia dalam dokumen.;;all;unanswerable;hard;no
Q504;Berapa biaya tes kesehatan dan tes narkoba bagi mahasiswa baru UNRI?;Informasi tersebut tidak tersedia dalam dokumen.;;all;unanswerable;hard;no
Q505;Berapa denda keterlambatan pembayaran UKT di Universitas Riau?;Informasi tersebut tidak tersedia dalam dokumen.;;all;unanswerable;hard;no
Q506;Berapa biaya kuliah program studi Kedokteran di UNRI?;Informasi tersebut tidak tersedia dalam dokumen.;;all;unanswerable;hard;no
Q507;Kapan jadwal PKKMB Universitas Riau tahun 2026?;Informasi tersebut tidak tersedia dalam dokumen.;;all;unanswerable;hard;no
